date;pickups;min_temp;max_temp;wind_speed;visibility;pressure;precipitation;snow_depth
01/04/2013;1290;44.1;62.1;5.7;6.8;1000.5;0.08;0.0
02/04/2013;1352;33.1;46.9;8.5;10.0;1009.3;0.0;0.0
03/04/2013;1450;33.1;46.0;8.9;10.0;1014.8;0.0;0.0
04/04/2013;1901;33.1;53.1;6.1;10.0;1020.3;0.0;0.0
05/04/2013;1927;41.0;64.0;4.7;10.0;1008.0;0.0;0.0
06/04/2013;1778;35.1;53.1;6.2;10.0;1016.4;0.0;0.0
07/04/2013;1338;39.9;54.0;5.8;10.0;1018.0;0.0;0.0
08/04/2013;1321;51.1;73.0;4.1;10.0;1011.6;0.0;0.0
09/04/2013;1389;51.1;82.0;4.3;9.3;1009.4;0.0;0.0
10/04/2013;1532;55.0;75.9;4.0;9.7;1007.6;0.0;0.0
11/04/2013;1524;48.2;60.1;4.8;7.4;1008.0;0.49;0.0
12/04/2013;1595;41.0;48.9;9.9;7.5;1007.9;0.01;0.0
13/04/2013;1714;41.0;57.9;3.9;9.7;1005.4;0.63;0.0
14/04/2013;1353;46.9;57.0;3.5;10.0;1011.9;0.01;0.0
15/04/2013;1465;44.1;59.0;5.5;10.0;1020.9;0.0;0.0
16/04/2013;1404;46.9;63.0;5.6;10.0;1021.3;0.0;0.0
17/04/2013;1528;55.0;71.1;5.3;9.9;1016.8;0.02;0.0
18/04/2013;1856;51.1;64.0;4.6;9.9;1020.8;0.01;0.0
19/04/2013;1832;54.0;71.1;6.1;7.9;1008.6;0.0;0.0
20/04/2013;1449;50.0;66.0;7.6;9.3;1006.4;0.11;0.0
21/04/2013;1110;37.0;55.0;5.5;10.0;1026.4;0.06;0.0
22/04/2013;1518;41.0;55.0;6.8;10.0;1031.2;0.0;0.0
23/04/2013;1604;41.0;53.1;8.3;9.8;1023.0;0.0;0.0
24/04/2013;1665;44.1;69.1;4.5;9.4;1011.2;0.0;0.0
25/04/2013;1771;46.0;66.0;4.9;9.6;1013.2;0.0;0.0
26/04/2013;1461;50.0;66.9;2.5;10.0;1021.8;0.0;0.0
27/04/2013;1218;48.0;70.0;4.4;10.0;1023.6;0.0;0.0
28/04/2013;983;51.1;69.1;3.5;10.0;1020.3;0.0;0.0
29/04/2013;1500;53.1;57.0;4.3;9.6;1018.4;0.0;0.0
30/04/2013;1544;51.1;68.0;4.8;10.0;1019.9;0.04;0.0
01/05/2013;1723;46.9;69.1;4.5;10.0;1024.5;0.0;0.0
02/05/2013;1775;48.9;72.0;2.3;10.0;1025.3;0.0;0.0
03/05/2013;2059;51.1;66.0;6.0;10.0;1024.7;0.0;0.0
04/05/2013;1608;48.0;69.1;4.9;10.0;1021.6;0.0;0.0
05/05/2013;1326;46.9;63.0;5.2;10.0;1020.1;0.0;0.0
06/05/2013;2425;46.0;69.1;3.6;9.5;1018.6;0.0;0.0
07/05/2013;2492;52.0;73.9;4.0;9.9;1015.7;0.0;0.0
08/05/2013;2221;57.0;66.0;4.5;6.3;1012.8;1.28;0.0
09/05/2013;1870;54.0;68.0;2.9;6.4;1009.4;1.76;0.0
10/05/2013;1861;59.0;79.0;3.0;9.2;1009.5;0.48;0.0
11/05/2013;1368;61.0;70.0;3.3;5.8;1004.8;0.18;0.0
12/05/2013;949;57.0;70.0;5.4;9.4;1001.2;0.92;0.0
13/05/2013;1557;46.0;59.0;6.6;10.0;1010.5;0.0;0.0
14/05/2013;1862;42.1;61.0;4.3;10.0;1013.9;0.0;0.0
15/05/2013;1623;52.0;66.9;3.3;9.7;1008.9;0.0;0.0
16/05/2013;1984;62.1;79.0;3.3;9.9;1002.4;0.0;0.0
17/05/2013;1621;57.9;72.0;3.0;10.0;1010.6;0.0;0.0
18/05/2013;1424;55.9;66.9;2.2;10.0;1019.7;0.0;0.0
19/05/2013;1063;55.0;60.1;3.6;5.0;1020.5;0.1;0.0
20/05/2013;1532;57.2;77.0;2.0;4.2;1014.2;0.51;0.0
21/05/2013;1378;68.0;86.0;3.6;7.6;1008.6;0.0;0.0
22/05/2013;1301;59.0;81.0;3.7;6.1;1007.1;0.0;0.0
23/05/2013;1191;66.0;80.1;3.9;6.4;1006.2;0.0;0.0
24/05/2013;1072;46.9;66.2;4.5;6.3;1003.6;1.91;0.0
25/05/2013;835;44.6;53.1;7.5;9.1;1008.3;0.29;0.0
26/05/2013;630;48.0;66.0;8.3;10.0;1011.3;0.05;0.0
27/05/2013;767;51.1;73.0;3.3;10.0;1017.3;0.0;0.0
28/05/2013;1452;55.4;66.9;2.3;7.1;1017.3;0.0;0.0
29/05/2013;1905;57.9;82.0;1.6;3.2;1013.8;0.52;0.0
30/05/2013;1661;72.0;90.0;3.8;9.0;1013.8;0.0;0.0
31/05/2013;1686;75.0;90.0;3.4;9.0;1013.8;0.0;0.0
01/06/2013;1540;73.9;90.0;3.8;9.8;1010.2;0.0;0.0
02/06/2013;1043;73.0;88.0;5.1;10.0;1006.1;0.0;0.0
03/06/2013;1524;68.0;82.0;3.5;6.6;1005.2;1.0;0.0
04/06/2013;1705;57.0;75.0;3.9;9.5;1009.8;0.72;0.0
05/06/2013;1559;57.9;73.9;3.7;10.0;1015.9;0.0;0.0
06/06/2013;1606;59.0;70.0;3.7;8.7;1014.9;0.0;0.0
07/06/2013;1638;59.0;64.0;7.2;4.2;1008.2;0.95;0.0
08/06/2013;1204;57.0;77.0;5.9;7.2;1003.5;3.82;0.0
09/06/2013;1055;63.0;80.1;1.7;10.0;1014.7;0.48;0.0
10/06/2013;1669;64.0;75.0;4.2;5.1;1014.3;0.0;0.0
11/06/2013;1481;62.1;78.1;4.9;5.6;1002.5;1.47;0.0
12/06/2013;1579;64.9;75.9;6.1;9.8;1003.1;0.09;0.0
13/06/2013;1622;60.1;73.9;3.6;8.1;1001.2;0.0;0.0
14/06/2013;1489;53.1;72.0;6.5;7.7;999.9;1.58;0.0
15/06/2013;1144;61.0;80.1;3.5;10.0;1008.8;0.06;0.0
16/06/2013;943;64.9;80.1;2.5;9.8;1008.0;0.0;0.0
17/06/2013;1472;69.1;84.0;3.7;9.1;1006.6;0.0;0.0
18/06/2013;1640;64.9;84.0;1.9;7.3;1006.7;0.01;0.0
19/06/2013;1532;59.0;77.0;5.0;8.7;1010.0;0.2;0.0
20/06/2013;1858;62.1;80.1;3.2;10.0;1018.3;0.0;0.0
21/06/2013;1587;64.0;82.0;3.9;10.0;1020.2;0.0;0.0
22/06/2013;1387;64.9;84.0;4.1;10.0;1018.8;0.0;0.0
23/06/2013;943;70.0;88.0;3.8;9.9;1016.1;0.0;0.0
24/06/2013;1504;73.4;90.0;4.0;9.0;1012.2;0.0;0.0
25/06/2013;1536;73.0;91.0;2.9;8.4;1008.7;0.0;0.0
26/06/2013;1493;73.9;84.9;3.7;9.2;1005.0;0.0;0.0
27/06/2013;1679;73.9;86.0;2.9;7.9;1003.1;0.05;0.0
28/06/2013;1488;73.0;84.9;4.6;8.1;995.6;0.24;0.0
29/06/2013;1179;71.1;82.9;3.5;8.7;996.5;0.0;0.0
30/06/2013;1012;73.9;84.0;3.0;7.5;1003.6;0.0;0.0
01/07/2013;1356;72.0;77.0;2.7;6.6;1009.1;0.0;0.0
02/07/2013;1318;72.0;82.0;2.2;7.9;1014.2;0.84;0.0
03/07/2013;1340;73.0;82.9;4.2;8.5;1018.0;0.08;0.0
04/07/2013;678;75.0;87.1;3.1;8.4;1018.2;0.53;0.0
05/07/2013;1100;75.9;90.0;4.7;9.4;1017.0;0.0;0.0
06/07/2013;807;78.1;91.9;3.9;9.8;1014.6;0.0;0.0
07/07/2013;815;80.1;91.9;3.6;10.0;1011.6;0.0;0.0
08/07/2013;1327;73.0;89.1;3.8;9.5;1011.0;0.0;0.0
09/07/2013;1336;73.9;88.0;4.1;6.9;1012.4;0.22;0.0
10/07/2013;1419;73.9;84.9;2.9;6.7;1008.9;0.23;0.0
11/07/2013;1554;75.9;84.0;3.3;9.0;1005.8;0.0;0.0
12/07/2013;1414;72.0;82.0;7.3;8.9;1010.8;0.0;0.0
13/07/2013;1123;66.9;81.0;6.2;4.4;1017.0;0.28;0.0
14/07/2013;1013;73.4;88.0;2.9;7.7;1020.8;0.03;0.0
15/07/2013;1554;78.1;93.9;3.4;9.6;1018.2;0.0;0.0
16/07/2013;1512;77.0;93.9;3.9;9.3;1016.7;0.0;0.0
17/07/2013;1801;79.0;97.0;2.7;8.6;1016.1;0.0;0.0
18/07/2013;1608;81.0;98.1;3.6;8.2;1012.1;0.0;0.0
19/07/2013;1446;82.9;96.1;3.6;6.7;1008.3;0.0;0.0
20/07/2013;1468;81.0;93.0;5.6;6.5;1003.8;0.0;0.0
21/07/2013;1253;78.1;89.1;3.9;9.8;1007.4;0.0;0.0
22/07/2013;1937;75.0;86.0;4.4;6.6;1008.6;0.0;0.0
23/07/2013;1772;73.0;87.1;3.5;7.3;1000.3;0.37;0.0
24/07/2013;1670;75.0;82.9;3.6;10.0;1001.0;0.31;0.0
25/07/2013;1444;64.0;78.1;7.4;10.0;1010.7;0.0;0.0
26/07/2013;1306;64.0;82.9;5.3;10.0;1011.7;0.01;0.0
27/07/2013;1091;70.0;82.0;3.6;9.8;1012.1;0.0;0.0
28/07/2013;883;70.0;78.1;1.4;9.3;1010.0;0.0;0.0
29/07/2013;1629;69.1;84.9;2.9;7.9;1010.8;0.25;0.0
30/07/2013;1468;66.9;82.9;3.8;10.0;1015.3;0.01;0.0
31/07/2013;1451;66.9;82.9;2.2;10.0;1015.2;0.0;0.0
01/08/2013;982;66.0;82.9;2.3;6.9;1009.9;0.0;0.0
02/08/2013;754;66.9;82.9;3.7;6.9;1006.4;0.65;0.0
03/08/2013;570;66.9;82.9;3.4;9.3;1007.5;0.01;0.0
04/08/2013;575;66.0;80.1;3.9;10.0;1007.0;0.05;0.0
05/08/2013;1765;62.1;80.1;3.7;10.0;1011.4;0.0;0.0
06/08/2013;1713;62.1;82.0;1.7;10.0;1013.6;0.0;0.0
07/08/2013;1474;64.0;82.0;4.6;10.0;1015.1;0.0;0.0
08/08/2013;1358;70.0;81.0;3.7;7.2;1012.8;0.18;0.0
09/08/2013;1452;70.0;84.9;3.3;7.4;1008.1;0.32;0.0
10/08/2013;1047;70.0;84.9;4.4;9.8;1008.8;0.01;0.0
11/08/2013;427;64.9;82.9;2.3;10.0;1013.6;0.0;0.0
12/08/2013;1363;64.9;82.0;2.0;9.5;1011.3;0.05;0.0
13/08/2013;1350;68.0;82.0;1.7;6.0;1005.1;0.01;0.0
14/08/2013;1457;61.0;73.9;5.3;9.6;1005.4;0.84;0.0
15/08/2013;1399;59.0;77.0;3.3;10.0;1014.1;0.0;0.0
16/08/2013;1435;59.0;82.0;1.7;10.0;1016.0;0.0;0.0
17/08/2013;1387;64.0;84.0;1.6;10.0;1019.0;0.0;0.0
18/08/2013;1284;64.0;84.0;2.5;9.8;1018.7;0.0;0.0
19/08/2013;1617;66.0;79.0;2.4;9.8;1014.3;0.0;0.0
20/08/2013;1765;66.0;88.0;3.3;9.7;1013.9;0.0;0.0
21/08/2013;1378;68.0;90.0;1.9;9.8;1015.5;0.0;0.0
22/08/2013;1459;71.1;90.0;2.9;7.5;1011.4;0.0;0.0
23/08/2013;1530;71.1;82.0;4.6;8.7;1009.3;0.25;0.0
24/08/2013;1278;64.9;82.0;5.3;10.0;1018.5;0.0;0.0
25/08/2013;907;64.0;82.9;2.4;10.0;1022.3;0.0;0.0
26/08/2013;1273;64.0;84.0;4.9;10.0;1015.5;0.0;0.0
27/08/2013;1544;68.0;87.1;4.9;9.3;1006.9;0.05;0.0
28/08/2013;1387;71.1;87.1;1.8;7.1;1006.9;0.01;0.0
29/08/2013;1425;71.1;86.0;4.0;6.3;1009.5;0.43;0.0
30/08/2013;1265;69.8;84.0;3.6;9.2;1010.2;0.0;0.0
31/08/2013;967;70.0;86.0;4.4;8.0;1005.9;0.0;0.0
01/09/2013;844;73.0;86.0;2.7;9.3;1005.3;0.0;0.0
02/09/2013;751;73.9;84.0;0.9;6.3;1003.6;0.0;0.0
03/09/2013;1514;71.1;82.0;2.7;7.9;1003.1;0.08;0.0
04/09/2013;1447;64.9;82.0;4.4;10.0;1009.1;0.03;0.0
05/09/2013;1428;64.9;82.0;4.3;10.0;1010.4;0.0;0.0
06/09/2013;1478;57.0;80.1;4.2;10.0;1017.5;0.0;0.0
07/09/2013;1545;57.0;80.1;2.9;10.0;1013.3;0.0;0.0
08/09/2013;1080;59.0;82.9;4.5;10.0;1006.7;0.0;0.0
09/09/2013;1677;57.0;82.9;4.9;10.0;1016.6;0.0;0.0
10/09/2013;1675;57.0;87.1;4.1;8.9;1015.4;0.01;0.0
11/09/2013;1709;68.0;96.1;3.9;6.3;1013.5;0.0;0.0
12/09/2013;1792;70.0;86.0;4.6;6.1;1007.2;0.0;0.0
13/09/2013;1752;66.9;87.1;4.1;8.0;1000.6;1.66;0.0
14/09/2013;1260;54.0;77.0;4.7;10.0;1009.3;0.06;0.0
15/09/2013;1045;51.1;73.0;2.9;10.0;1016.1;0.0;0.0
16/09/2013;1595;51.1;73.0;3.2;9.9;1013.7;0.01;0.0
17/09/2013;1571;50.0;73.0;5.4;10.0;1022.4;0.02;0.0
18/09/2013;1760;50.0;72.0;1.4;10.0;1021.2;0.0;0.0
19/09/2013;1848;51.1;78.1;2.9;10.0;1016.2;0.0;0.0
20/09/2013;1703;55.0;79.0;2.1;9.6;1013.3;0.0;0.0
21/09/2013;1475;60.1;79.0;3.6;10.0;1008.0;0.0;0.0
22/09/2013;1287;59.0;77.0;4.6;8.8;1002.2;1.17;0.0
23/09/2013;1435;50.0;69.1;3.7;10.0;1009.9;0.45;0.0
24/09/2013;1710;46.9;73.0;3.8;10.0;1010.8;0.0;0.0
25/09/2013;1743;46.9;73.0;2.0;10.0;1008.7;0.0;0.0
26/09/2013;1604;52.0;73.0;3.1;10.0;1010.7;0.0;0.0
27/09/2013;1725;57.0;71.1;3.3;10.0;1016.9;0.0;0.0
28/09/2013;1337;55.9;73.0;4.4;10.0;1020.4;0.0;0.0
29/09/2013;984;55.9;73.0;2.4;10.0;1017.3;0.0;0.0
30/09/2013;1439;55.9;75.0;2.1;9.8;1012.8;0.0;0.0
01/10/2013;1800;55.9;82.0;2.3;10.0;1010.1;0.0;0.0
02/10/2013;1948;59.0;82.9;3.6;10.0;1009.4;0.0;0.0
03/10/2013;1817;63.0;82.9;0.9;9.9;1013.1;0.0;0.0
04/10/2013;1623;63.0;86.0;2.0;8.5;1012.2;0.0;0.0
05/10/2013;1781;64.0;86.0;3.5;6.4;1012.9;0.0;0.0
06/10/2013;1365;64.0;75.9;4.7;4.2;1013.7;0.0;0.0
07/10/2013;1435;62.1;75.9;5.2;6.9;1008.7;0.0;0.0
08/10/2013;1577;54.0;75.9;5.0;10.0;1016.0;0.25;0.0
09/10/2013;1709;53.1;66.9;7.2;10.0;1022.7;0.0;0.0
10/10/2013;1940;53.1;64.9;7.3;10.0;1018.4;0.0;0.0
11/10/2013;1771;54.0;68.0;8.1;10.0;1012.9;0.0;0.0
12/10/2013;1677;60.1;72.0;8.9;10.0;1015.9;0.02;0.0
13/10/2013;1402;55.9;72.0;8.9;10.0;1022.2;0.0;0.0
14/10/2013;1578;52.0;66.0;2.8;10.0;1022.3;0.0;0.0
15/10/2013;1704;52.0;72.0;2.1;9.5;1018.3;0.0;0.0
16/10/2013;1839;53.1;72.0;3.1;10.0;1013.0;0.0;0.0
17/10/2013;2054;62.1;73.0;1.3;7.0;1007.0;0.0;0.0
18/10/2013;2441;57.0;73.0;6.4;9.6;1004.6;0.02;0.0
19/10/2013;1890;52.0;68.0;2.2;10.0;1008.8;0.0;0.0
20/10/2013;1622;50.0;64.0;5.5;10.0;1007.0;0.01;0.0
21/10/2013;1453;50.0;66.0;3.1;10.0;1013.8;0.0;0.0
22/10/2013;1751;50.0;66.9;3.8;10.0;1006.6;0.0;0.0
23/10/2013;1707;48.0;66.9;3.8;10.0;1002.1;0.0;0.0
24/10/2013;1847;42.1;54.0;6.0;10.0;1005.9;0.0;0.0
25/10/2013;1747;39.9;54.0;4.3;10.0;1013.7;0.0;0.0
26/10/2013;1752;42.1;54.0;5.5;10.0;1015.4;0.0;0.0
27/10/2013;2409;41.0;57.9;4.3;10.0;1008.8;0.0;0.0
28/10/2013;1518;43.0;61.0;3.7;10.0;1016.9;0.0;0.0
29/10/2013;1775;43.0;61.0;4.9;10.0;1023.1;0.0;0.0
30/10/2013;1863;44.1;60.1;1.8;9.6;1020.4;0.0;0.0
31/10/2013;2003;46.9;64.9;2.3;6.2;1014.8;0.0;0.0
01/11/2013;3073;53.1;70.0;4.8;9.5;999.6;0.07;0.0
02/11/2013;1461;55.0;70.0;3.2;10.0;999.7;0.12;0.0
03/11/2013;2094;41.0;68.0;5.3;10.0;1011.3;0.0;0.0
04/11/2013;1730;35.1;55.0;5.7;10.0;1029.3;0.0;0.0
05/11/2013;1778;35.1;55.0;3.8;10.0;1031.8;0.0;0.0
06/11/2013;1757;41.0;61.0;3.0;10.0;1024.0;0.0;0.0
07/11/2013;2127;48.0;63.0;4.8;9.4;1008.5;0.0;0.0
08/11/2013;1635;39.9;48.0;7.3;10.0;1011.3;0.13;0.0
09/11/2013;1485;37.9;50.0;4.8;10.0;1018.1;0.0;0.0
10/11/2013;1199;37.9;60.1;6.0;10.0;1008.8;0.0;0.0
11/11/2013;1448;43.0;61.0;6.5;10.0;1014.3;0.0;0.0
12/11/2013;1558;34.0;52.0;5.0;9.5;1013.4;0.02;0.0
13/11/2013;1599;28.9;39.0;5.6;10.0;1021.5;0.01;0.0
14/11/2013;2027;33.1;52.0;6.4;10.0;1018.6;0.0;0.0
15/11/2013;1522;33.1;57.0;4.0;10.0;1017.8;0.0;0.0
16/11/2013;1647;44.1;60.1;3.4;9.4;1020.1;0.03;0.0
17/11/2013;1153;45.0;60.1;2.1;5.1;1017.1;0.02;0.0
18/11/2013;1408;51.1;64.9;5.8;7.9;1001.5;0.25;0.0
19/11/2013;1630;39.9;64.9;8.9;10.0;1009.6;0.22;0.0
20/11/2013;1881;32.0;51.1;5.8;10.0;1026.4;0.0;0.0
21/11/2013;1672;32.0;51.1;4.2;10.0;1029.9;0.0;0.0
22/11/2013;1795;35.1;57.0;5.1;8.9;1018.1;0.01;0.0
23/11/2013;2040;39.0;57.0;7.2;9.8;1009.6;0.06;0.0
24/11/2013;1423;23.0;37.4;10.8;9.7;1014.6;0.0;0.0
25/11/2013;1773;23.0;35.1;5.6;10.0;1024.3;0.0;0.0
26/11/2013;1402;23.0;41.0;3.2;9.1;1020.5;0.0;0.0
27/11/2013;1460;33.1;62.1;7.9;5.5;995.6;2.18;0.0
28/11/2013;824;30.0;39.2;7.9;10.0;1012.3;0.31;0.0
29/11/2013;1011;30.0;39.0;2.4;10.0;1028.9;0.0;0.0
30/11/2013;1129;25.0;39.0;4.9;10.0;1034.0;0.0;0.0
01/12/2013;949;25.0;48.9;2.1;10.0;1019.5;0.0;0.0
02/12/2013;1389;36.0;48.9;2.2;8.2;1009.9;0.0;0.0
03/12/2013;1562;37.9;53.1;2.7;6.9;1008.0;0.0;0.0
04/12/2013;1970;37.9;53.1;2.4;6.4;1013.1;0.0;0.0
05/12/2013;2037;41.0;60.1;2.6;5.0;1013.4;0.01;0.0
06/12/2013;1687;43.0;62.1;4.2;6.0;1010.3;0.04;0.0
07/12/2013;1751;35.6;42.1;6.1;7.8;1018.5;0.83;0.0
08/12/2013;1221;28.9;41.0;5.2;9.0;1028.7;0.14;0.0
09/12/2013;1424;28.9;39.0;6.8;4.2;1016.9;0.28;0.0
10/12/2013;1519;30.9;39.0;5.1;6.3;1009.7;0.1;0.0
11/12/2013;1567;27.0;37.0;6.8;10.0;1017.8;0.23;0.0
12/12/2013;1853;23.0;33.1;6.6;10.0;1019.8;0.0;0.0
13/12/2013;1811;23.0;35.1;5.5;10.0;1016.6;0.0;0.0
14/12/2013;1443;21.2;34.0;7.0;5.7;1023.1;0.0;0.0
15/12/2013;1147;21.9;39.9;8.1;6.2;1001.2;1.45;0.0
16/12/2013;1406;26.1;39.9;7.4;10.0;1010.1;0.72;3.1
17/12/2013;1555;24.8;32.0;5.2;6.1;1014.7;0.01;3.1
18/12/2013;1607;23.0;37.0;5.5;9.7;1011.0;0.18;3.1
19/12/2013;1978;23.0;45.0;4.8;9.7;1014.9;0.0;3.9
20/12/2013;1663;30.0;53.1;3.0;10.0;1012.8;0.0;3.1
21/12/2013;1395;41.0;63.0;7.0;9.8;1009.7;0.01;3.1
22/12/2013;1093;51.1;71.1;5.5;10.0;1007.0;0.0;1.2
23/12/2013;1105;52.0;71.1;3.7;7.5;1009.9;0.07;0.0
24/12/2013;973;34.0;64.0;5.8;10.0;1015.5;0.44;0.0
25/12/2013;530;19.0;42.1;5.2;10.0;1025.4;0.0;0.0
26/12/2013;914;28.0;35.1;4.5;10.0;1021.4;0.0;0.0
27/12/2013;1097;32.0;39.9;5.2;10.0;1021.0;0.0;0.0
28/12/2013;1837;30.9;55.0;5.8;10.0;1017.7;0.0;0.0
29/12/2013;1647;36.0;55.0;5.4;7.6;1007.5;0.0;0.0
30/12/2013;1490;28.9;48.0;6.2;9.8;1006.1;1.2;0.0
31/12/2013;2382;21.0;45.0;4.4;9.9;1015.5;0.0;0.0
01/01/2014;1685;21.0;33.1;5.1;10.0;1021.8;0.0;0.0
02/01/2014;1125;24.1;33.1;9.8;9.2;1013.3;0.02;0.0
03/01/2014;638;10.0;24.8;10.1;3.8;1007.4;0.58;0.0
04/01/2014;950;8.1;28.0;4.0;10.0;1025.7;0.02;5.9
05/01/2014;1122;27.0;36.0;3.8;6.4;1019.3;0.0;5.9
06/01/2014;1929;35.6;55.0;6.3;3.6;997.5;0.23;3.9
07/01/2014;2142;3.9;36.0;13.0;9.4;1010.5;0.27;1.2
08/01/2014;2067;9.0;21.0;6.3;10.0;1025.9;0.0;0.0
09/01/2014;1566;9.0;32.0;2.8;10.0;1030.0;0.0;0.0
10/01/2014;1943;21.9;36.0;2.9;6.4;1027.2;0.0;0.0
11/01/2014;1369;30.0;57.9;5.6;3.1;1007.3;1.4;0.0
12/01/2014;1104;37.0;57.9;7.2;9.7;998.7;0.42;0.0
13/01/2014;1590;37.0;54.0;4.4;9.8;1013.0;0.05;0.0
14/01/2014;1561;37.0;52.0;4.7;8.5;1004.2;0.0;0.0
15/01/2014;1386;39.2;46.9;3.3;8.8;1005.0;0.38;0.0
16/01/2014;1539;36.1;41.0;4.4;9.9;1007.1;0.0;0.0
17/01/2014;1827;32.7;44.6;6.1;10.0;1014.6;0.0;0.0
18/01/2014;1590;32.0;41.0;6.6;10.0;1005.1;0.0;0.0
19/01/2014;1500;24.8;35.6;7.3;10.0;1014.6;0.07;0.0
20/01/2014;1453;35.6;44.6;7.5;10.0;1014.0;0.0;0.0
21/01/2014;1084;14.0;39.2;5.7;10.0;1017.8;0.0;0.0
22/01/2014;1300;6.8;17.6;6.2;9.4;1018.3;0.46;0.0
23/01/2014;1673;8.6;19.4;4.9;9.5;1013.8;0.02;11.0
24/01/2014;1624;10.4;19.4;6.4;4.1;1010.0;0.0;7.1
25/01/2014;1833;15.8;28.0;6.2;5.3;994.2;0.0;5.9
26/01/2014;1466;17.1;28.0;6.9;9.8;1001.0;0.04;3.9
27/01/2014;1471;25.0;44.1;5.9;10.0;1001.9;0.0;3.9
28/01/2014;1570;12.9;26.1;6.5;10.0;1018.7;0.0;3.1
29/01/2014;1570;12.0;23.0;5.8;8.4;1016.9;0.04;1.2
30/01/2014;1837;14.0;30.0;3.1;10.0;1023.2;0.0;2.0
31/01/2014;1665;16.0;39.0;5.0;10.0;1016.1;0.0;1.2
01/02/2014;1615;25.0;44.1;2.4;9.9;1019.3;0.0;1.2
02/02/2014;1221;36.0;55.9;3.1;7.8;1010.1;0.0;1.2
03/02/2014;1277;30.0;55.9;5.3;3.7;1014.7;0.33;1.2
04/02/2014;1640;21.9;42.8;2.1;3.8;1023.2;0.84;1.2
05/02/2014;1342;21.9;35.1;6.4;4.1;1010.0;0.97;7.9
06/02/2014;1522;21.2;33.1;4.9;9.5;1013.8;1.43;9.1
07/02/2014;1945;24.1;32.0;5.6;10.0;1019.6;0.0;9.1
08/02/2014;1899;21.0;32.0;4.4;10.0;1020.1;0.0;9.1
09/02/2014;1112;21.0;30.9;3.8;9.3;1015.0;0.0;9.1
10/02/2014;2123;21.0;30.9;5.4;7.6;1013.4;0.1;7.9
11/02/2014;2107;16.0;28.9;5.2;10.0;1021.5;0.0;9.8
12/02/2014;1631;12.9;26.1;5.0;10.0;1027.3;0.0;9.8
13/02/2014;732;12.9;36.0;10.6;3.6;1007.6;0.25;9.8
14/02/2014;1386;24.1;39.9;9.3;6.3;986.6;1.83;11.8
15/02/2014;1260;30.9;39.9;6.5;7.0;1001.1;0.3;18.1
16/02/2014;1094;21.0;37.0;8.3;9.1;1005.5;0.13;18.1
17/02/2014;1105;18.0;32.0;5.5;10.0;1019.1;0.0;18.1
18/02/2014;1312;26.1;39.0;4.2;7.1;1015.6;0.07;16.9
19/02/2014;1443;26.1;45.0;3.9;6.8;1008.5;0.09;18.1
20/02/2014;1374;37.9;50.0;4.7;9.5;1014.8;0.26;16.9
21/02/2014;1581;35.6;48.2;6.3;2.9;1007.7;0.03;15.0
22/02/2014;1395;41.0;54.0;5.8;10.0;1009.6;0.09;13.0
23/02/2014;1165;39.9;54.0;4.1;10.0;1009.9;0.0;9.8
24/02/2014;1485;32.0;54.0;7.6;10.0;1006.7;0.0;9.1
25/02/2014;1582;24.1;44.1;7.3;10.0;1011.7;0.0;5.9
26/02/2014;1841;24.1;33.1;5.0;8.9;1007.7;0.0;5.9
27/02/2014;1640;19.9;34.0;5.7;9.7;1002.8;0.03;5.9
28/02/2014;1738;9.0;34.0;6.1;10.0;1019.2;0.0;5.9
01/03/2014;1670;9.0;37.0;3.4;10.0;1022.6;0.0;5.9
02/03/2014;1055;35.1;39.9;3.4;9.8;1013.6;0.0;5.9
03/03/2014;1672;19.0;39.9;5.7;8.7;1014.6;0.04;5.1
04/03/2014;1814;12.9;32.0;4.4;10.0;1022.1;0.0;5.1
05/03/2014;3313;28.0;37.0;3.2;10.0;1019.3;0.0;5.1
06/03/2014;2584;16.0;39.0;8.1;10.0;1028.5;0.0;3.9
07/03/2014;2547;16.0;37.0;6.8;10.0;1021.3;0.0;3.9
08/03/2014;2411;26.1;57.0;5.1;10.0;1006.4;0.0;3.9
09/03/2014;2322;35.1;57.0;5.6;9.6;1009.0;0.0;3.1
10/03/2014;1523;35.6;51.1;4.7;9.7;1005.0;0.0;2.0
11/03/2014;1484;36.0;64.9;4.6;9.9;998.1;0.0;1.2
12/03/2014;1488;45.0;66.0;3.3;7.9;992.2;0.0;0.0
13/03/2014;1680;18.0;55.9;11.0;9.1;992.2;0.35;0.0
14/03/2014;1618;18.0;46.0;6.1;10.0;1014.6;0.0;0.0
15/03/2014;1263;41.0;57.9;6.6;10.0;1005.1;0.0;0.0
16/03/2014;1338;30.0;57.9;7.3;10.0;1014.6;0.0;0.0
17/03/2014;1636;23.0;42.1;7.5;10.0;1014.0;0.0;0.0
18/03/2014;1584;23.0;43.0;5.7;10.0;1017.8;0.0;0.0
19/03/2014;1785;28.0;44.1;6.2;9.4;1018.3;0.0;0.0
20/03/2014;2958;32.0;54.0;6.6;6.6;1003.8;0.92;0.0
21/03/2014;2495;39.0;54.0;8.2;10.0;1009.0;0.0;0.0
22/03/2014;2275;39.0;63.0;5.6;10.0;1007.5;0.0;0.0
23/03/2014;1841;35.1;63.0;5.8;10.0;1011.3;0.0;0.0
24/03/2014;1712;21.0;42.1;6.3;10.0;1016.3;0.0;0.0
25/03/2014;1664;21.0;39.0;4.1;10.0;1013.7;0.0;0.0
26/03/2014;2089;26.1;39.0;10.4;10.0;1006.4;0.0;0.0
27/03/2014;2004;21.9;44.1;6.7;10.0;1021.3;0.0;0.0
28/03/2014;1728;37.9;61.0;5.1;9.6;1014.9;0.0;0.0
29/03/2014;1681;37.0;62.1;6.6;7.5;1013.7;0.04;0.0
30/03/2014;1229;42.1;59.0;9.6;5.6;997.0;2.01;0.0
31/03/2014;1471;36.0;55.9;8.2;9.5;1004.8;0.3;0.0
01/04/2014;1582;36.0;60.1;5.0;10.0;1013.3;0.01;0.0
02/04/2014;1587;39.0;60.1;1.9;9.8;1013.7;0.0;0.0
03/04/2014;1711;42.1;66.9;3.0;10.0;1013.5;0.0;0.0
04/04/2014;2418;39.9;54.0;6.5;8.0;1011.5;0.1;0.0
05/04/2014;1584;39.2;53.1;7.9;8.1;1004.8;0.18;0.0
06/04/2014;1392;36.0;61.0;4.3;10.0;1015.4;0.0;0.0
07/04/2014;1721;36.0;61.0;4.4;7.8;1015.4;0.0;0.0
08/04/2014;1489;43.0;64.0;5.6;4.7;995.7;0.86;0.0
09/04/2014;1557;45.0;64.0;6.6;10.0;1000.9;0.34;0.0
10/04/2014;1930;42.1;61.0;5.8;10.0;1014.3;0.0;0.0
11/04/2014;1810;42.1;75.0;5.7;10.0;1010.7;0.0;0.0
12/04/2014;1881;50.0;75.0;3.6;10.0;1015.3;0.0;0.0
13/04/2014;1540;50.0;77.0;4.7;9.8;1015.2;0.0;0.0
14/04/2014;1275;54.0;77.0;6.4;10.0;1009.9;0.0;0.0
15/04/2014;1447;44.1;75.0;6.9;7.6;1001.7;0.07;0.0
16/04/2014;1478;30.9;63.0;7.3;8.5;1016.4;0.69;0.0
17/04/2014;1376;30.9;48.9;7.2;10.0;1032.7;0.05;0.0
18/04/2014;1667;36.0;48.9;5.1;10.0;1027.9;0.0;0.0
19/04/2014;1274;35.1;68.0;3.7;10.0;1019.5;0.0;0.0
20/04/2014;952;41.0;68.0;6.6;10.0;1025.1;0.0;0.0
21/04/2014;1359;41.0;66.9;3.6;10.0;1016.8;0.0;0.0
22/04/2014;1473;41.0;71.1;4.3;9.9;1001.4;0.0;0.0
23/04/2014;1633;48.0;71.1;6.6;9.9;996.7;0.01;0.0
24/04/2014;2305;42.1;62.1;8.1;10.0;1006.6;0.0;0.0
25/04/2014;1789;44.1;63.0;4.2;10.0;1010.3;0.0;0.0
26/04/2014;1672;44.1;66.9;5.0;8.5;1003.0;0.89;0.0
27/04/2014;1171;46.0;66.9;5.2;9.6;1009.1;0.05;0.0
28/04/2014;1420;45.0;66.9;3.6;10.0;1013.6;0.0;0.0
29/04/2014;1932;45.0;66.9;7.1;10.0;1020.0;0.0;0.0
30/04/2014;2175;41.0;52.0;7.7;4.1;1021.5;0.59;0.0
01/05/2014;1840;41.0;78.1;4.6;4.7;1005.7;4.53;0.0
02/05/2014;1820;51.1;78.1;3.7;10.0;1002.5;0.12;0.0
03/05/2014;1353;54.0;70.0;3.6;9.8;1005.2;0.0;0.0
04/05/2014;1718;54.0;71.1;5.1;9.7;1002.2;0.08;0.0
05/05/2014;2418;50.0;70.0;7.2;10.0;1005.4;0.02;0.0
06/05/2014;2462;50.0;71.1;3.4;10.0;1008.0;0.0;0.0
07/05/2014;2383;50.0;71.1;3.2;10.0;1016.2;0.0;0.0
08/05/2014;1943;50.0;69.1;3.7;5.2;1016.4;0.34;0.0
09/05/2014;1713;53.1;63.0;2.9;3.5;1015.8;0.11;0.0
10/05/2014;1447;55.0;82.9;3.3;3.9;1008.7;0.04;0.0
11/05/2014;1202;57.0;82.9;4.0;9.6;1010.1;0.4;0.0
12/05/2014;1535;60.1;84.9;1.7;10.0;1013.6;0.03;0.0
13/05/2014;1550;60.1;84.9;5.0;9.6;1015.6;0.0;0.0
14/05/2014;1835;52.0;73.0;4.7;9.6;1020.4;0.0;0.0
15/05/2014;2221;52.0;71.1;4.4;4.0;1017.6;0.12;0.0
16/05/2014;1779;57.9;71.1;5.6;5.4;1010.1;0.07;0.0
17/05/2014;1381;53.1;70.0;5.3;8.7;1009.1;1.51;0.0
18/05/2014;1145;51.1;70.0;4.3;10.0;1015.7;0.0;0.0
19/05/2014;1400;48.9;72.0;4.3;10.0;1016.1;0.0;0.0
20/05/2014;1474;48.9;78.1;2.9;10.0;1013.4;0.0;0.0
21/05/2014;1437;53.1;78.1;2.7;10.0;1009.7;0.0;0.0
22/05/2014;1636;60.1;73.9;2.5;4.9;1006.2;0.22;0.0
23/05/2014;1440;59.0;71.1;3.1;5.0;1006.5;0.02;0.0
24/05/2014;1362;55.9;71.1;3.4;7.2;1010.4;0.99;0.0
25/05/2014;1262;55.0;80.1;2.0;8.0;1013.3;0.32;0.0
26/05/2014;1200;55.0;86.0;3.7;10.0;1011.2;0.0;0.0
27/05/2014;1669;66.0;86.0;3.4;9.9;1006.3;0.0;0.0
28/05/2014;1385;55.0;86.0;6.3;9.2;1008.5;0.0;0.0
29/05/2014;1808;51.1;66.0;4.8;10.0;1017.5;0.0;0.0
30/05/2014;1586;51.1;75.0;1.6;9.9;1014.0;0.0;0.0
31/05/2014;1450;55.0;75.0;5.5;10.0;1015.4;0.0;0.0
01/06/2014;1353;55.0;77.0;2.8;10.0;1021.5;0.05;0.0
02/06/2014;1459;55.0;80.1;3.9;10.0;1017.3;0.0;0.0
03/06/2014;1481;59.0;87.1;3.7;8.9;1009.2;0.0;0.0
04/06/2014;1428;63.0;87.1;2.7;6.3;1004.7;0.12;0.0
05/06/2014;1500;61.0;82.0;4.5;6.5;1000.8;0.62;0.0
06/06/2014;1407;61.0;75.9;4.2;10.0;1005.7;0.25;0.0
07/06/2014;1227;60.1;82.0;2.5;10.0;1009.7;0.0;0.0
08/06/2014;1032;60.1;86.0;2.1;10.0;1008.8;0.0;0.0
09/06/2014;1357;62.6;73.9;3.6;4.6;1008.8;0.64;0.0
10/06/2014;1523;63.0;77.0;3.4;5.4;1009.2;0.96;0.0
11/06/2014;1486;61.0;77.0;6.0;8.7;1012.7;0.02;0.0
12/06/2014;1689;60.1;72.0;4.6;6.6;1012.6;0.0;0.0
13/06/2014;1496;60.1;79.0;3.4;4.1;1005.8;0.21;0.0
14/06/2014;1226;64.0;72.0;3.7;7.4;1006.1;1.14;0.0
15/06/2014;897;59.0;80.1;4.0;10.0;1012.9;0.0;0.0
16/06/2014;1647;59.0;81.0;2.1;10.0;1014.7;0.0;0.0
17/06/2014;1771;63.0;89.1;3.4;9.0;1011.9;0.0;0.0
18/06/2014;1845;71.1;89.1;5.6;9.7;1007.0;0.0;0.0
19/06/2014;1543;69.1;89.1;3.0;10.0;1010.2;0.0;0.0
20/06/2014;1605;64.0;79.0;3.7;9.3;1010.1;0.15;0.0
21/06/2014;1318;62.1;79.0;4.7;10.0;1009.0;0.0;0.0
22/06/2014;1028;62.1;79.0;1.5;10.0;1009.5;0.0;0.0
23/06/2014;1296;64.0;81.0;2.4;10.0;1013.9;0.0;0.0
24/06/2014;1409;64.9;81.0;3.8;10.0;1015.1;0.0;0.0
25/06/2014;1431;68.0;84.9;5.0;9.0;1009.9;0.0;0.0
26/06/2014;1385;70.0;84.9;3.4;9.0;1005.8;0.15;0.0
27/06/2014;1213;69.1;82.9;3.4;10.0;1013.2;0.07;0.0
28/06/2014;1176;66.0;87.1;2.5;10.0;1019.1;0.0;0.0
29/06/2014;954;66.0;87.1;2.1;10.0;1018.6;0.0;0.0
30/06/2014;1330;68.0;84.0;2.2;10.0;1013.3;0.0;0.0
01/07/2014;1363;69.1;89.1;3.9;10.0;1007.9;0.0;0.0
02/07/2014;1344;72.0;91.0;3.5;8.6;1006.8;0.0;0.0
03/07/2014;1235;72.0;91.0;2.0;5.8;1008.7;1.0;0.0
04/07/2014;742;64.9;87.1;3.7;6.2;1009.7;1.74;0.0
05/07/2014;710;63.0;81.0;6.7;10.0;1013.7;0.14;0.0
06/07/2014;638;63.0;84.0;4.1;10.0;1012.6;0.0;0.0
07/07/2014;1286;66.0;90.0;4.8;9.6;1006.0;0.0;0.0
08/07/2014;1315;71.1;91.0;4.1;8.1;1003.6;0.43;0.0
09/07/2014;1740;72.0;86.0;4.9;9.8;1005.4;0.39;0.0
10/07/2014;1309;71.1;88.0;2.9;9.6;1012.2;0.09;0.0
11/07/2014;1282;72.0;86.0;3.5;10.0;1016.6;0.0;0.0
12/07/2014;1051;71.1;86.0;2.1;9.8;1017.9;0.0;0.0
13/07/2014;903;72.0;82.0;4.3;9.3;1012.7;0.0;0.0
14/07/2014;1338;69.8;82.9;3.0;7.2;1006.9;0.03;0.0
15/07/2014;1359;72.0;86.0;2.8;4.4;1004.2;0.46;0.0
16/07/2014;1555;68.0;86.0;2.5;6.6;1004.0;1.3;0.0
17/07/2014;1630;66.9;81.0;3.5;10.0;1009.1;0.0;0.0
18/07/2014;1644;64.0;81.0;3.6;10.0;1016.8;0.0;0.0
19/07/2014;1519;68.5;75.9;4.5;10.0;1019.0;0.0;0.0
20/07/2014;1085;66.2;78.1;5.4;10.0;1015.2;0.0;0.0
21/07/2014;1970;64.0;84.9;1.6;9.8;1016.5;0.0;0.0
22/07/2014;1994;66.9;86.0;2.3;9.9;1015.8;0.0;0.0
23/07/2014;1609;71.1;88.0;4.8;9.8;1009.0;0.0;0.0
24/07/2014;1958;71.6;79.0;4.4;8.7;1005.7;0.19;0.0
25/07/2014;1405;66.0;82.0;3.5;10.0;1010.0;0.0;0.0
26/07/2014;1474;66.0;82.0;3.6;10.0;1010.3;0.0;0.0
27/07/2014;1152;69.1;84.9;2.9;9.1;1004.1;0.01;0.0
28/07/2014;1241;69.1;84.9;4.6;9.0;996.9;0.2;0.0
29/07/2014;1576;64.0;82.0;5.3;10.0;1004.8;0.19;0.0
30/07/2014;1355;63.0;80.1;2.8;10.0;1011.0;0.0;0.0
31/07/2014;1390;63.0;82.0;2.5;9.8;1013.6;0.0;0.0
01/08/2014;1309;68.0;84.0;3.3;7.8;1016.9;0.0;0.0
02/08/2014;1158;63.0;84.0;4.7;8.0;1016.6;0.36;0.0
03/08/2014;1272;63.0;75.9;2.2;7.5;1014.4;0.1;0.0
04/08/2014;1883;66.0;84.0;2.9;9.4;1012.7;0.02;0.0
05/08/2014;1938;70.0;89.1;1.4;10.0;1011.2;0.0;0.0
06/08/2014;1455;70.0;82.9;3.1;9.8;1007.1;0.0;0.0
07/08/2014;1373;66.0;82.9;3.6;10.0;1008.4;0.0;0.0
08/08/2014;1170;64.9;82.9;2.7;10.0;1012.5;0.0;0.0
09/08/2014;945;64.9;87.1;2.5;10.0;1014.0;0.0;0.0
10/08/2014;756;66.0;88.0;2.3;10.0;1014.8;0.0;0.0
11/08/2014;1187;68.0;88.0;2.7;10.0;1015.1;0.0;0.0
12/08/2014;1274;71.6;78.1;4.3;9.5;1012.2;0.0;0.0
13/08/2014;1258;68.0;82.0;4.9;7.5;1002.7;0.7;0.0
14/08/2014;1367;63.0;82.0;4.3;10.0;1005.2;0.02;0.0
15/08/2014;1560;61.0;73.9;4.8;10.0;1008.2;0.0;0.0
16/08/2014;1504;61.0;78.1;3.4;10.0;1010.2;0.0;0.0
17/08/2014;1186;63.0;82.0;3.4;10.0;1006.6;0.0;0.0
18/08/2014;1381;63.0;82.0;3.7;10.0;1007.0;0.01;0.0
19/08/2014;1511;63.0;82.9;3.6;9.8;1007.3;0.0;0.0
20/08/2014;1573;63.0;84.0;1.8;10.0;1010.0;0.0;0.0
21/08/2014;1228;66.0;84.0;2.8;9.7;1012.2;0.04;0.0
22/08/2014;1154;64.9;82.9;3.5;8.1;1012.0;0.37;0.0
23/08/2014;965;64.9;79.0;5.0;10.0;1013.5;0.06;0.0
24/08/2014;762;64.0;80.1;2.9;10.0;1015.3;0.01;0.0
25/08/2014;1149;64.0;88.0;1.9;10.0;1016.1;0.0;0.0
26/08/2014;1159;64.0;89.1;2.0;9.5;1015.4;0.0;0.0
27/08/2014;1349;70.0;90.0;2.3;9.9;1011.1;0.0;0.0
28/08/2014;1184;68.0;90.0;4.9;10.0;1007.4;0.0;0.0
29/08/2014;1266;61.0;82.0;2.8;10.0;1015.5;0.0;0.0
30/08/2014;768;61.0;80.1;2.5;10.0;1019.0;0.0;0.0
31/08/2014;714;64.9;90.0;3.0;8.5;1014.0;0.0;0.0
01/09/2014;625;73.0;90.0;2.6;9.3;1010.4;0.62;0.0
02/09/2014;1374;75.0;91.9;3.6;9.9;1007.4;0.0;0.0
03/09/2014;1452;72.0;91.9;4.6;10.0;1009.2;0.0;0.0
04/09/2014;1497;69.1;87.1;1.3;10.0;1015.9;0.0;0.0
05/09/2014;1694;69.1;87.1;3.1;8.9;1015.5;0.0;0.0
06/09/2014;1502;72.0;91.0;3.8;8.4;1008.8;0.0;0.0
07/09/2014;902;64.9;91.0;4.1;9.9;1012.2;0.11;0.0
08/09/2014;1376;64.9;81.0;6.1;10.0;1019.8;0.0;0.0
09/09/2014;1729;63.0;75.0;7.1;10.0;1019.3;0.0;0.0
10/09/2014;1434;63.0;78.1;5.6;10.0;1014.8;0.0;0.0
11/09/2014;1420;63.0;82.9;4.0;10.0;1008.5;0.0;0.0
12/09/2014;1531;62.1;82.9;4.2;10.0;1012.6;0.0;0.0
13/09/2014;1468;60.1;78.1;5.2;8.6;1016.2;0.0;0.0
14/09/2014;1231;53.1;71.1;2.8;9.4;1018.0;0.26;0.0
15/09/2014;1458;53.1;71.1;2.5;10.0;1017.3;0.0;0.0
16/09/2014;1432;55.0;71.1;1.7;8.3;1011.7;0.03;0.0
17/09/2014;1372;55.0;73.0;2.4;10.0;1011.5;0.34;0.0
18/09/2014;1577;55.0;75.9;1.8;10.0;1010.6;0.0;0.0
19/09/2014;1705;54.0;75.9;6.6;10.0;1019.5;0.0;0.0
20/09/2014;1412;54.0;75.0;3.2;9.9;1020.1;0.0;0.0
21/09/2014;961;57.0;75.0;1.2;5.1;1006.8;0.15;0.0
22/09/2014;1493;61.0;75.0;5.3;9.9;1004.4;0.0;0.0
23/09/2014;1582;52.0;71.1;2.7;10.0;1019.8;0.0;0.0
24/09/2014;1467;52.0;71.1;3.8;10.0;1027.5;0.0;0.0
25/09/2014;1525;57.0;66.0;7.4;8.6;1023.8;0.02;0.0
26/09/2014;1704;57.0;77.0;4.3;10.0;1017.8;0.3;0.0
27/09/2014;2119;57.9;82.9;2.7;10.0;1017.5;0.0;0.0
28/09/2014;1291;60.1;84.0;0.9;9.8;1015.4;0.0;0.0
29/09/2014;1764;64.0;84.0;1.2;9.9;1010.0;0.0;0.0
30/09/2014;1633;66.0;79.0;3.3;9.4;1009.1;0.0;0.0
01/10/2014;1634;60.8;64.9;5.2;8.4;1011.6;0.0;0.0
02/10/2014;1578;61.0;70.0;4.8;9.8;1014.7;0.02;0.0
03/10/2014;1372;55.9;71.1;3.6;10.0;1013.0;0.0;0.0
04/10/2014;1207;60.1;69.1;5.3;7.3;1000.1;0.14;0.0
05/10/2014;952;46.0;69.1;5.7;10.0;1004.2;1.04;0.0
06/10/2014;1291;46.0;69.1;3.0;10.0;1011.9;0.0;0.0
07/10/2014;1436;50.0;71.1;3.9;10.0;1011.9;0.0;0.0
08/10/2014;1621;63.0;72.0;5.4;9.5;1005.7;0.1;0.0
09/10/2014;1608;55.0;73.0;5.2;10.0;1010.2;0.04;0.0
10/10/2014;1550;52.0;68.0;2.6;10.0;1013.8;0.0;0.0
11/10/2014;1603;51.1;64.0;3.7;7.8;1013.6;0.14;0.0
12/10/2014;1541;48.0;63.0;2.1;9.9;1018.7;0.19;0.0
13/10/2014;1611;48.0;64.9;2.0;9.4;1021.4;0.0;0.0
14/10/2014;1295;52.0;75.9;3.7;7.9;1017.9;0.05;0.0
15/10/2014;1631;63.0;77.0;4.4;9.0;1011.9;0.0;0.0
16/10/2014;1769;64.0;77.0;3.4;5.2;1003.1;1.68;0.0
17/10/2014;2181;59.0;71.1;4.0;9.7;1000.8;0.12;0.0
18/10/2014;1847;59.0;71.1;4.7;10.0;998.2;0.0;0.0
19/10/2014;1755;46.9;61.0;7.2;10.0;1005.6;0.0;0.0
20/10/2014;1298;42.1;60.1;4.0;9.8;1012.9;0.0;0.0
21/10/2014;1563;42.1;66.9;2.7;10.0;1007.5;0.0;0.0
22/10/2014;1699;51.8;60.8;6.8;7.1;1007.1;0.61;0.0
23/10/2014;1823;50.0;57.9;7.3;7.1;1001.6;1.23;0.0
24/10/2014;1577;50.0;63.0;4.0;10.0;1003.8;0.39;0.0
25/10/2014;1363;50.0;66.9;4.3;10.0;1004.0;0.0;0.0
26/10/2014;995;50.0;66.9;6.8;9.9;998.5;0.01;0.0
27/10/2014;1490;48.0;63.0;5.4;10.0;1008.7;0.0;0.0
28/10/2014;1451;48.0;72.0;2.3;10.0;1011.1;0.0;0.0
29/10/2014;1296;53.1;72.0;3.9;9.3;1007.1;0.0;0.0
30/10/2014;1393;48.0;72.0;3.6;9.9;1009.9;0.0;0.0
31/10/2014;1792;45.0;59.0;4.3;10.0;1010.2;0.0;0.0
01/11/2014;2577;44.1;55.0;7.9;8.9;1005.1;0.11;0.0
02/11/2014;1740;42.1;48.0;9.4;9.9;1005.4;0.29;0.0
03/11/2014;1256;39.0;61.0;6.0;10.0;1013.6;0.0;0.0
04/11/2014;1423;39.0;68.0;4.4;10.0;1015.1;0.0;0.0
05/11/2014;1510;53.1;68.0;4.3;10.0;1013.3;0.0;0.0
06/11/2014;1546;48.0;64.0;2.6;5.9;1009.4;0.12;0.0
07/11/2014;1302;45.0;57.0;5.3;8.5;998.7;0.25;0.0
08/11/2014;1393;36.0;53.1;5.3;10.0;1009.6;0.0;0.0
09/11/2014;1009;36.0;57.0;3.6;10.0;1008.5;0.0;0.0
10/11/2014;1242;44.1;61.0;1.9;10.0;1014.3;0.0;0.0
11/11/2014;1199;44.1;64.0;2.9;8.9;1013.8;0.0;0.0
12/11/2014;1703;48.9;64.9;2.4;5.7;1008.1;0.0;0.0
13/11/2014;1443;39.0;64.9;3.0;9.9;1013.1;0.0;0.0
14/11/2014;1615;35.1;48.0;5.6;8.3;1011.3;0.26;0.0
15/11/2014;1278;33.1;42.1;4.1;10.0;1019.7;0.06;0.0
16/11/2014;924;33.1;44.1;2.9;10.0;1021.6;0.0;0.0
17/11/2014;1419;35.1;52.0;2.6;4.2;1006.1;0.49;0.0
18/11/2014;1391;27.0;52.0;8.5;9.9;1002.7;1.08;0.0
19/11/2014;1805;21.9;45.0;6.9;10.0;1016.4;0.0;0.0
20/11/2014;1714;21.9;45.0;5.7;10.0;1009.7;0.0;0.0
21/11/2014;1538;28.0;45.0;7.5;10.0;1017.2;0.0;0.0
22/11/2014;1890;28.0;44.1;3.7;10.0;1024.8;0.0;0.0
23/11/2014;1256;28.0;57.0;4.0;10.0;1016.7;0.0;0.0
24/11/2014;1462;43.0;69.1;4.0;7.9;1003.3;0.68;0.0
25/11/2014;1417;52.0;66.9;4.3;10.0;1007.0;0.02;0.0
26/11/2014;1382;34.0;52.0;6.6;6.4;1012.7;0.01;0.0
27/11/2014;646;34.0;51.1;4.5;8.6;1008.5;1.23;0.0
28/11/2014;885;30.9;37.0;5.6;10.0;1015.1;0.02;0.0
29/11/2014;734;27.0;37.0;3.1;10.0;1021.0;0.0;0.0
30/11/2014;785;27.0;54.0;3.3;10.0;1016.3;0.0;0.0
01/12/2014;1286;45.0;64.9;5.7;9.8;1015.1;0.0;0.0
02/12/2014;1325;35.1;44.1;8.0;9.3;1028.3;0.09;0.0
03/12/2014;1402;41.0;46.4;6.1;5.4;1016.4;0.09;0.0
04/12/2014;1790;37.0;46.0;5.8;10.0;1021.2;0.05;0.0
05/12/2014;1616;34.0;45.0;6.1;9.4;1028.4;0.0;0.0
06/12/2014;1365;34.0;50.0;2.6;3.0;1019.4;0.68;0.0
07/12/2014;968;34.0;50.0;10.4;9.1;1023.2;1.09;0.0
08/12/2014;1281;24.1;42.1;8.9;10.0;1031.3;0.04;0.0
09/12/2014;1339;24.1;42.1;10.4;6.3;1012.5;0.53;0.0
10/12/2014;1780;32.0;42.1;6.6;7.0;998.5;2.01;0.0
11/12/2014;1530;30.9;39.9;7.3;8.8;1000.0;0.09;0.0
12/12/2014;1433;30.9;37.9;6.2;10.0;1008.4;0.01;1.2
13/12/2014;1415;32.0;44.1;8.2;10.0;1009.4;0.0;0.0
14/12/2014;1130;37.9;46.0;5.9;10.0;1007.3;0.0;0.0
15/12/2014;1242;37.0;48.0;3.0;10.0;1011.7;0.0;0.0
16/12/2014;1319;37.0;48.9;2.8;8.3;1012.9;0.0;0.0
17/12/2014;1442;37.9;54.0;4.2;6.7;1005.5;0.22;0.0
18/12/2014;1623;37.9;54.0;7.8;10.0;1008.6;0.02;0.0
19/12/2014;1540;32.0;42.1;6.4;10.0;1011.4;0.0;0.0
20/12/2014;1298;30.0;37.9;4.8;10.0;1018.7;0.0;0.0
21/12/2014;907;30.0;36.0;3.8;9.6;1020.6;0.0;0.0
22/12/2014;1082;30.9;43.0;5.0;8.5;1020.9;0.0;0.0
23/12/2014;1027;42.8;46.4;7.0;4.2;1015.3;0.18;0.0
24/12/2014;900;43.0;53.1;5.7;3.3;1008.6;0.05;0.0
25/12/2014;418;48.0;62.6;7.3;7.7;1000.4;0.86;0.0
26/12/2014;625;39.9;50.0;5.6;10.0;1016.7;0.09;0.0
27/12/2014;589;39.9;55.0;3.5;10.0;1018.0;0.0;0.0
28/12/2014;985;44.1;55.0;5.0;9.1;1009.8;0.0;0.0
29/12/2014;900;37.9;54.0;4.8;10.0;1015.3;0.1;0.0
30/12/2014;2026;30.0;44.1;4.3;10.0;1021.8;0.0;0.0
31/12/2014;1169;27.0;34.0;4.3;10.0;1021.6;0.0;0.0
01/01/2015;1748;27.0;39.0;5.3;10.0;1014.6;0.0;0.0
02/01/2015;805;27.0;42.1;7.0;10.0;1015.5;0.0;0.0
03/01/2015;1078;33.1;42.1;5.0;7.6;1027.1;0.0;0.0
04/01/2015;985;33.1;55.9;5.1;5.8;1009.3;0.89;0.0
05/01/2015;1692;28.9;55.9;9.7;9.7;1010.6;0.12;0.0
06/01/2015;1634;19.0;27.0;4.2;7.3;1020.8;0.0;0.0
07/01/2015;1782;15.1;23.0;9.5;9.7;1010.8;0.05;0.0
08/01/2015;1678;8.1;23.0;8.8;10.0;1021.9;0.0;1.2
09/01/2015;1486;16.0;33.1;7.4;8.7;1013.8;0.0;0.0
10/01/2015;1098;16.0;33.1;7.5;10.0;1022.9;0.07;0.0
11/01/2015;892;16.0;37.0;5.5;10.0;1030.7;0.0;1.2
12/01/2015;1462;35.1;37.9;3.3;6.6;1022.1;0.01;1.2
13/01/2015;1639;19.0;39.0;7.3;9.8;1025.0;0.35;0.0
14/01/2015;1437;16.0;36.0;6.4;10.0;1025.9;0.0;0.0
15/01/2015;1306;25.0;34.0;3.6;10.0;1014.8;0.0;0.0
16/01/2015;1459;25.0;43.0;7.3;9.5;1007.0;0.0;0.0
17/01/2015;1367;17.1;43.0;6.5;10.0;1021.0;0.0;0.0
18/01/2015;1138;30.0;42.8;3.3;5.7;1012.2;0.0;0.0
19/01/2015;1360;30.9;42.1;6.2;9.4;1003.4;2.1;0.0
20/01/2015;1697;34.0;42.1;5.1;10.0;1007.4;0.0;0.0
21/01/2015;1472;25.0;39.9;4.2;10.0;1014.3;0.0;0.0
22/01/2015;1316;25.0;39.9;3.4;8.3;1017.3;0.0;0.0
23/01/2015;1583;28.0;39.9;5.5;10.0;1019.8;0.0;0.0
24/01/2015;1468;28.0;39.0;5.5;4.2;998.8;0.66;0.0
25/01/2015;1251;33.1;42.1;5.8;9.9;999.1;0.06;3.1
26/01/2015;885;21.2;35.1;9.8;5.6;1009.1;0.0;2.0
27/01/2015;323;21.0;30.0;8.8;4.3;1000.4;0.78;2.0
28/01/2015;1458;16.0;34.0;7.7;10.0;1009.8;0.36;7.9
29/01/2015;1573;16.0;34.0;3.1;10.0;1019.2;0.0;7.9
30/01/2015;1507;19.0;37.9;6.7;7.8;1007.6;0.07;5.9
31/01/2015;1670;12.9;37.9;11.8;10.0;1013.5;0.01;7.1
01/02/2015;1074;19.9;36.0;3.5;9.9;1016.9;0.0;7.1
02/02/2015;1010;19.9;36.0;6.8;3.0;1000.1;0.71;5.9
03/02/2015;1258;12.9;34.0;7.2;8.9;1013.8;0.34;7.1
04/02/2015;1282;12.9;42.1;4.0;9.1;1018.0;0.0;7.9
05/02/2015;1402;21.0;43.0;6.3;10.0;1009.6;0.0;7.9
06/02/2015;1397;12.0;27.0;7.6;10.0;1017.4;0.0;7.9
07/02/2015;1096;12.0;37.9;3.5;9.0;1014.6;0.0;7.9
08/02/2015;832;25.0;39.9;5.9;5.9;1008.6;0.02;7.9
09/02/2015;1215;25.0;37.0;9.6;8.8;1009.7;0.03;7.9
10/02/2015;1301;25.0;39.9;8.1;9.6;1011.8;0.07;7.9
11/02/2015;1461;21.9;39.9;7.8;10.0;1012.1;0.01;7.9
12/02/2015;1479;21.9;39.9;4.6;8.9;1004.7;0.0;7.9
13/02/2015;1505;8.1;39.9;8.8;10.0;1012.1;0.0;7.9
14/02/2015;1888;8.1;32.0;4.6;8.5;1007.3;0.0;7.9
15/02/2015;940;10.0;32.0;10.8;8.8;999.8;0.02;7.9
16/02/2015;1708;3.0;25.0;8.5;10.0;1015.3;0.0;9.1
17/02/2015;1584;3.0;27.0;3.9;6.7;1009.2;0.11;9.1
18/02/2015;1268;14.0;33.1;2.9;9.6;1006.2;0.03;11.8
19/02/2015;1444;14.0;33.1;9.3;9.7;1003.0;0.0;9.1
20/02/2015;1407;1.9;27.0;9.7;10.0;1016.1;0.0;9.1
21/02/2015;1265;1.9;28.9;4.6;7.7;1025.1;0.0;9.1
22/02/2015;1243;28.9;43.0;2.1;4.5;1016.3;0.71;9.1
23/02/2015;1636;15.1;43.0;8.7;10.0;1019.0;0.1;13.0
24/02/2015;1636;3.9;21.9;6.0;10.0;1020.0;0.0;11.8
25/02/2015;1440;19.9;37.0;5.8;10.0;1005.3;0.0;11.8
26/02/2015;1639;19.9;37.0;6.1;9.7;1010.5;0.0;11.8
27/02/2015;1567;18.0;32.0;4.6;10.0;1020.6;0.0;11.0
28/02/2015;1367;12.9;30.0;3.6;10.0;1034.7;0.0;11.0
01/03/2015;917;24.1;30.9;2.5;7.3;1031.2;0.0;11.0
02/03/2015;1409;24.1;39.0;5.3;7.5;1015.4;0.52;9.8
03/03/2015;1484;21.9;39.0;4.7;8.5;1022.1;0.0;15.0
04/03/2015;2633;30.9;45.0;5.4;5.4;1006.0;0.68;14.2
05/03/2015;1573;19.4;43.0;5.4;2.2;1012.2;0.48;13.0
06/03/2015;1679;12.0;39.9;4.7;8.7;1025.5;0.52;13.0
07/03/2015;2590;12.0;37.9;5.8;9.8;1019.0;0.0;18.9
08/03/2015;1889;37.0;48.9;4.0;9.8;1012.6;0.0;18.1
09/03/2015;1271;37.0;54.0;4.2;9.8;1015.7;0.01;16.1
10/03/2015;1262;39.0;54.0;3.3;8.5;1019.0;0.13;13.0
11/03/2015;1222;39.0;59.0;4.5;6.5;1009.9;0.47;11.0
12/03/2015;1313;39.9;59.0;7.7;10.0;1020.7;0.01;5.9
13/03/2015;1297;30.9;46.9;5.6;10.0;1030.3;0.0;3.9
14/03/2015;1059;30.9;51.1;4.0;6.4;1014.2;0.23;2.0
15/03/2015;773;39.0;51.1;8.8;9.3;1002.8;0.58;1.2
16/03/2015;1243;35.1;52.0;4.6;10.0;1009.4;0.0;0.0
17/03/2015;1382;35.1;57.0;6.9;9.5;1000.0;0.01;0.0
18/03/2015;1566;30.0;39.0;9.6;10.0;1010.7;0.01;0.0
19/03/2015;2031;28.9;43.0;5.5;10.0;1019.4;0.0;0.0
20/03/2015;1957;28.9;43.0;5.8;6.7;1020.8;0.0;0.0
21/03/2015;1515;28.4;45.0;5.3;4.8;1012.4;0.4;0.0
22/03/2015;1328;28.9;46.9;7.2;9.7;1011.0;0.0;5.1
23/03/2015;1361;23.0;43.0;5.5;10.0;1017.5;0.0;0.0
24/03/2015;1529;23.0;45.0;4.2;10.0;1020.9;0.0;0.0
25/03/2015;1480;26.1;48.9;3.5;9.7;1023.0;0.0;0.0
26/03/2015;1365;34.0;61.0;1.9;5.0;1009.4;0.05;0.0
27/03/2015;1748;39.0;62.1;4.2;9.1;1001.4;0.59;0.0
28/03/2015;1654;33.1;46.0;6.3;9.8;1004.8;0.27;0.0
29/03/2015;969;25.0;46.0;5.8;9.7;1016.9;0.0;0.0
30/03/2015;1300;25.0;54.0;6.6;9.8;1008.5;0.0;0.0
31/03/2015;1470;36.0;54.0;5.1;9.5;1005.4;0.0;0.0
01/04/2015;1462;32.0;51.1;4.7;9.5;1011.8;0.17;0.0
02/04/2015;1206;32.0;66.9;4.5;10.0;1016.3;0.0;0.0
03/04/2015;1459;59.0;64.0;6.3;9.1;1005.6;0.0;0.0
04/04/2015;1163;46.0;64.0;7.4;8.6;1002.3;0.05;0.0
05/04/2015;786;42.1;61.0;4.8;10.0;1015.8;0.01;0.0
06/04/2015;1053;42.1;62.1;3.5;10.0;1019.1;0.0;0.0
07/04/2015;1510;42.1;63.0;5.7;9.4;1017.3;0.0;0.0
08/04/2015;1560;41.0;44.1;9.3;9.1;1021.6;0.15;0.0
09/04/2015;1637;37.0;45.0;8.9;8.8;1020.3;0.0;0.0
10/04/2015;1557;37.0;55.9;4.2;5.0;1011.2;0.17;0.0
11/04/2015;1976;39.0;57.0;7.9;9.5;1008.3;0.0;0.0
12/04/2015;1131;43.0;66.0;3.4;10.0;1019.9;0.0;0.0
13/04/2015;1216;43.0;68.0;3.5;10.0;1020.7;0.0;0.0
14/04/2015;1540;50.0;68.0;3.7;10.0;1015.5;0.0;0.0
15/04/2015;1549;51.1;71.1;4.6;10.0;1016.3;0.01;0.0
16/04/2015;1357;51.1;72.0;6.2;10.0;1024.5;0.0;0.0
17/04/2015;1360;52.0;71.1;5.4;9.5;1014.0;0.08;0.0
18/04/2015;1295;55.0;80.1;2.8;10.0;1009.0;0.0;0.0
19/04/2015;1046;50.0;80.1;7.1;10.0;1016.5;0.0;0.0
20/04/2015;1400;46.0;64.0;7.2;5.6;1007.4;0.02;0.0
21/04/2015;1700;46.0;64.0;5.2;5.8;998.3;1.49;0.0
22/04/2015;1422;50.0;69.1;4.8;9.6;1001.1;0.06;0.0
23/04/2015;1806;42.1;54.0;8.1;10.0;1001.4;0.05;0.0
24/04/2015;1512;39.0;52.0;7.3;10.0;1005.9;0.0;0.0
25/04/2015;1850;37.9;62.1;5.4;10.0;1005.8;0.0;0.0
26/04/2015;1063;37.9;64.0;4.8;10.0;1000.2;0.0;0.0
27/04/2015;1209;46.0;64.0;4.8;10.0;999.8;0.0;0.0
28/04/2015;1259;48.9;71.1;6.6;10.0;1002.3;0.0;0.0
29/04/2015;1246;50.0;78.1;4.3;10.0;1000.9;0.0;0.0
30/04/2015;1565;48.0;78.1;7.5;10.0;1003.2;0.0;0.0
01/05/2015;1479;48.0;66.9;5.1;10.0;1009.1;0.0;0.0
02/05/2015;1083;48.0;73.9;2.5;10.0;1010.2;0.0;0.0
03/05/2015;871;48.0;80.1;2.5;10.0;1013.0;0.0;0.0
04/05/2015;1088;51.1;84.9;3.6;9.5;1016.4;0.0;0.0
05/05/2015;1311;57.0;84.9;4.6;10.0;1016.7;0.0;0.0
06/05/2015;1341;63.0;84.9;4.5;10.0;1018.9;0.0;0.0
07/05/2015;1503;55.9;80.1;1.7;10.0;1017.8;0.0;0.0
08/05/2015;1215;55.9;82.0;2.3;6.8;1015.8;0.0;0.0
09/05/2015;1017;55.9;82.0;4.3;6.0;1019.6;0.0;0.0
10/05/2015;854;57.0;82.9;2.3;7.0;1017.9;0.0;0.0
11/05/2015;1233;61.0;84.0;3.6;8.5;1014.5;0.0;0.0
12/05/2015;1358;68.0;84.9;3.7;8.5;1006.5;0.0;0.0
13/05/2015;1487;57.9;86.0;6.7;10.0;1011.3;0.0;0.0
14/05/2015;1955;50.0;73.0;3.5;10.0;1022.1;0.0;0.0
15/05/2015;1483;50.0;75.0;3.3;10.0;1020.6;0.0;0.0
16/05/2015;1306;57.0;75.0;1.8;8.6;1016.6;0.03;0.0
17/05/2015;1184;57.0;82.9;2.1;5.6;1015.2;0.29;0.0
18/05/2015;1136;60.1;82.9;3.9;7.2;1015.7;0.02;0.0
19/05/2015;1244;59.0;80.1;1.7;5.7;1009.6;0.0;0.0
20/05/2015;1142;57.0;73.9;5.8;9.7;1006.8;0.0;0.0
21/05/2015;1382;52.0;66.9;2.5;10.0;1010.2;0.0;0.0
22/05/2015;1132;52.0;73.9;4.4;10.0;1007.9;0.0;0.0
23/05/2015;1253;48.9;73.9;4.6;10.0;1021.0;0.0;0.0
24/05/2015;862;48.9;81.0;3.3;10.0;1021.7;0.0;0.0
25/05/2015;771;64.9;84.9;3.6;10.0;1018.7;0.0;0.0
26/05/2015;1122;64.0;88.0;4.5;10.0;1017.1;0.0;0.0
27/05/2015;1287;66.9;88.0;4.8;8.9;1015.9;0.0;0.0
28/05/2015;1179;70.0;84.9;3.3;7.7;1015.7;0.08;0.0
29/05/2015;1406;64.9;84.9;4.5;10.0;1019.6;0.0;0.0
30/05/2015;1066;64.9;84.9;4.1;9.9;1016.8;0.0;0.0
31/05/2015;1173;66.9;87.1;4.1;8.5;1012.8;0.0;0.0
01/06/2015;1239;55.0;69.1;7.9;5.3;1014.7;1.89;0.0
02/06/2015;1490;50.0;57.9;6.8;6.1;1015.6;0.4;0.0
03/06/2015;1348;52.0;70.0;4.5;9.0;1017.7;0.26;0.0
04/06/2015;1429;52.0;70.0;4.6;10.0;1019.6;0.0;0.0
05/06/2015;1197;54.0;70.0;3.2;8.1;1014.7;0.0;0.0
06/06/2015;1412;55.0;75.9;3.5;7.6;1008.5;0.32;0.0
07/06/2015;1028;55.0;75.9;3.0;10.0;1015.7;0.19;0.0
08/06/2015;1095;63.0;79.0;4.8;9.9;1010.2;0.0;0.0
09/06/2015;1108;63.0;82.9;4.9;8.6;1001.4;0.07;0.0
10/06/2015;1244;64.9;82.9;2.5;10.0;1005.8;0.01;0.0
11/06/2015;1196;72.0;89.1;4.5;7.3;1006.6;0.0;0.0
12/06/2015;1334;72.0;89.1;3.3;8.0;1008.4;0.0;0.0
13/06/2015;1001;73.0;88.0;5.7;10.0;1007.4;0.0;0.0
14/06/2015;772;71.1;88.0;2.1;10.0;1012.1;0.0;0.0
15/06/2015;1095;64.9;88.0;3.7;3.6;1010.0;0.77;0.0
16/06/2015;1163;64.0;82.9;3.0;6.2;1007.9;0.16;0.0
17/06/2015;1208;64.9;82.0;3.4;9.5;1012.9;0.27;0.0
18/06/2015;1222;64.0;71.1;3.3;9.8;1013.6;0.0;0.0
19/06/2015;1513;64.0;87.1;2.6;9.5;1008.2;0.0;0.0
20/06/2015;967;64.0;81.0;4.9;8.2;1012.3;0.0;0.0
21/06/2015;708;64.0;88.0;4.3;6.1;1003.4;0.35;0.0
22/06/2015;1218;70.0;87.1;4.5;9.8;1008.0;0.29;0.0
23/06/2015;1159;70.0;90.0;4.7;8.9;1006.8;0.0;0.0
24/06/2015;1150;68.0;90.0;4.5;10.0;1009.2;0.02;0.0
25/06/2015;1153;64.9;84.0;2.7;10.0;1012.0;0.0;0.0
26/06/2015;1021;64.9;82.9;3.9;10.0;1009.8;0.0;0.0
27/06/2015;963;60.1;81.0;4.4;8.8;1013.6;0.0;0.0
28/06/2015;714;57.9;73.0;5.8;5.5;1002.4;1.42;0.0
29/06/2015;1059;62.1;75.9;4.6;10.0;1005.8;0.29;0.0
30/06/2015;1209;63.0;82.0;3.7;10.0;1009.0;0.0;0.0
01/07/2015;1355;68.0;82.0;4.3;6.8;1004.4;0.43;0.0
02/07/2015;1001;69.1;82.0;1.3;9.6;1007.0;0.39;0.0
03/07/2015;717;66.0;81.0;2.4;9.9;1009.0;0.0;0.0
04/07/2015;567;66.0;82.0;3.0;9.9;1009.7;0.0;0.0
05/07/2015;467;68.0;82.9;1.3;9.2;1013.6;0.0;0.0
06/07/2015;842;68.0;82.9;2.1;8.7;1015.9;0.0;0.0
07/07/2015;1019;72.0;88.0;3.6;8.4;1011.9;0.0;0.0
08/07/2015;1008;75.0;88.0;3.6;7.5;1009.1;0.12;0.0
09/07/2015;1095;68.0;88.0;3.6;7.6;1009.6;0.0;0.0
10/07/2015;947;68.0;84.0;4.4;8.0;1007.8;0.3;0.0
11/07/2015;883;69.1;88.0;1.9;9.9;1012.7;0.0;0.0
12/07/2015;775;69.1;89.1;1.7;9.9;1011.9;0.0;0.0
13/07/2015;1018;72.0;89.1;2.3;9.5;1007.8;0.0;0.0
14/07/2015;1409;73.0;88.0;2.1;9.1;1001.1;0.0;0.0
15/07/2015;1453;73.0;82.0;2.8;6.3;998.6;0.42;0.0
16/07/2015;1076;64.0;81.0;5.9;10.0;1010.3;0.12;0.0
17/07/2015;885;64.0;81.0;3.1;10.0;1013.6;0.0;0.0
18/07/2015;1127;66.9;84.9;3.6;8.8;1009.9;0.0;0.0
19/07/2015;833;71.1;93.0;2.8;9.7;1005.5;0.32;0.0
20/07/2015;1372;78.1;93.9;4.1;9.2;1001.3;0.0;0.0
21/07/2015;1502;79.0;93.9;2.5;9.6;999.1;0.0;0.0
22/07/2015;1578;69.1;89.1;4.5;10.0;1002.1;0.0;0.0
23/07/2015;1171;68.0;86.0;4.1;10.0;1007.6;0.0;0.0
24/07/2015;987;68.0;87.1;2.1;10.0;1008.6;0.0;0.0
25/07/2015;905;69.1;88.0;2.5;10.0;1010.2;0.0;0.0
26/07/2015;857;69.1;90.0;3.6;10.0;1010.1;0.0;0.0
27/07/2015;1013;71.1;90.0;2.8;9.0;1010.9;0.36;0.0
28/07/2015;1302;71.1;95.0;2.2;9.4;1010.6;0.0;0.0
29/07/2015;1148;75.0;96.1;2.7;9.4;1009.6;0.0;0.0
30/07/2015;1268;75.2;86.0;4.6;6.9;1007.2;0.0;0.0
31/07/2015;1191;72.0;89.1;3.3;8.6;1005.8;1.95;0.0
01/08/2015;849;72.0;89.1;3.8;10.0;1004.3;0.0;0.0
02/08/2015;814;71.1;89.1;2.0;10.0;1007.2;0.0;0.0
03/08/2015;1024;71.1;89.1;3.7;10.0;1005.4;0.0;0.0
04/08/2015;1249;69.1;90.0;4.6;9.6;1005.6;0.43;0.0
05/08/2015;1441;69.1;89.1;2.6;10.0;1007.5;0.0;0.0
06/08/2015;1104;66.9;87.1;2.7;10.0;1009.4;0.0;0.0
07/08/2015;974;66.9;84.0;4.3;10.0;1008.1;0.0;0.0
08/08/2015;904;68.0;84.0;3.4;10.0;1009.5;0.0;0.0
09/08/2015;905;68.0;84.9;2.9;10.0;1010.8;0.0;0.0
10/08/2015;1038;68.0;84.9;3.6;10.0;1012.3;0.0;0.0
11/08/2015;1013;70.0;84.0;3.9;7.8;1005.7;0.59;0.0
12/08/2015;1042;71.1;84.9;3.8;10.0;1005.1;0.58;0.0
13/08/2015;977;66.9;84.9;3.3;10.0;1011.0;0.0;0.0
14/08/2015;911;66.9;88.0;2.2;10.0;1015.3;0.0;0.0
15/08/2015;798;66.9;91.9;3.3;10.0;1014.5;0.0;0.0
16/08/2015;576;75.9;93.0;1.2;10.0;1014.2;0.0;0.0
17/08/2015;995;75.9;95.0;2.5;9.5;1013.2;0.0;0.0
18/08/2015;1347;73.0;95.0;3.6;8.7;1011.8;0.29;0.0
19/08/2015;1036;73.0;90.0;4.0;10.0;1012.0;0.0;0.0
20/08/2015;956;77.0;87.1;4.2;10.0;1011.5;0.0;0.0
21/08/2015;983;71.1;87.1;4.0;9.1;1010.7;0.33;0.0
22/08/2015;743;69.1;87.1;3.7;9.2;1013.6;0.32;0.0
23/08/2015;625;69.1;86.0;3.6;10.0;1011.2;0.0;0.0
24/08/2015;908;70.0;87.1;2.1;9.9;1007.7;0.0;0.0
25/08/2015;990;73.0;89.1;3.0;9.7;1005.8;0.0;0.0
26/08/2015;1049;66.9;90.0;3.7;10.0;1009.0;0.0;0.0
27/08/2015;989;66.9;84.9;2.6;10.0;1012.2;0.0;0.0
28/08/2015;968;63.0;82.0;2.5;10.0;1015.9;0.0;0.0
29/08/2015;799;63.0;87.1;1.2;10.0;1016.8;0.0;0.0
30/08/2015;553;66.9;90.0;3.3;10.0;1013.6;0.0;0.0
31/08/2015;917;72.0;91.0;3.8;8.5;1011.4;0.13;0.0
01/09/2015;946;75.9;91.0;2.6;8.5;1011.7;0.0;0.0
02/09/2015;1036;73.9;91.0;1.8;7.5;1010.9;0.0;0.0
03/09/2015;1066;73.9;93.0;1.8;6.8;1006.6;0.0;0.0
04/09/2015;901;73.9;93.0;5.0;7.3;1011.4;0.0;0.0
05/09/2015;658;66.9;84.9;4.4;10.0;1018.9;0.0;0.0
06/09/2015;562;64.9;87.1;1.0;10.0;1018.0;0.0;0.0
07/09/2015;514;64.9;91.9;3.4;10.0;1014.1;0.0;0.0
08/09/2015;1082;70.0;97.0;3.8;9.8;1011.0;0.0;0.0
09/09/2015;1414;75.9;97.0;4.0;10.0;1008.3;0.0;0.0
10/09/2015;1253;71.1;90.0;4.7;6.2;1005.0;1.13;0.0
11/09/2015;1077;66.0;81.0;5.6;8.4;1002.4;0.45;0.0
12/09/2015;1316;66.0;81.0;2.3;10.0;1003.9;0.0;0.0
13/09/2015;1306;66.9;80.1;5.2;8.6;1000.6;0.29;0.0
14/09/2015;1337;59.0;80.1;6.3;10.0;1010.1;0.04;0.0
15/09/2015;1015;63.0;82.9;2.1;10.0;1019.7;0.0;0.0
16/09/2015;1533;62.1;88.0;1.5;10.0;1020.9;0.0;0.0
17/09/2015;1730;66.0;89.1;1.3;10.0;1016.6;0.0;0.0
18/09/2015;1621;68.0;89.1;2.4;9.8;1012.1;0.0;0.0
19/09/2015;1300;68.0;87.1;1.8;9.3;1009.5;0.0;0.0
20/09/2015;943;68.0;82.9;6.3;10.0;1009.1;0.0;0.0
21/09/2015;1132;59.0;79.0;7.4;10.0;1016.8;0.0;0.0
22/09/2015;1025;59.0;73.0;6.4;10.0;1019.5;0.0;0.0
23/09/2015;1007;59.0;80.1;3.3;10.0;1019.1;0.0;0.0
24/09/2015;1204;59.0;82.0;3.0;10.0;1019.9;0.0;0.0
25/09/2015;1220;60.1;82.0;5.5;10.0;1022.8;0.0;0.0
26/09/2015;1493;62.1;75.9;5.2;10.0;1024.7;0.0;0.0
27/09/2015;1456;55.9;72.0;4.8;10.0;1025.5;0.0;0.0
28/09/2015;1299;64.9;78.8;2.3;9.6;1019.5;0.0;0.0
29/09/2015;1234;64.9;82.9;2.7;9.7;1013.1;0.0;0.0
30/09/2015;1071;66.9;82.9;5.3;7.4;1003.4;1.33;0.0
01/10/2015;1250;55.9;79.0;7.6;9.8;1012.3;0.04;0.0
02/10/2015;1387;48.2;57.0;9.9;7.7;1017.1;0.14;0.0
03/10/2015;1130;48.0;57.0;11.8;6.9;1020.3;1.36;0.0
04/10/2015;868;48.9;63.0;9.2;10.0;1021.4;0.02;0.0
05/10/2015;1183;52.0;66.9;6.6;10.0;1017.3;0.0;0.0
06/10/2015;1123;52.0;73.0;1.5;10.0;1012.2;0.0;0.0
07/10/2015;1322;52.0;73.0;2.5;10.0;1010.4;0.0;0.0
08/10/2015;1411;57.9;73.0;2.9;10.0;1014.1;0.0;0.0
09/10/2015;1257;59.0;78.1;3.0;8.3;1009.4;0.0;0.0
10/10/2015;1458;50.0;78.1;2.6;9.9;1012.0;0.89;0.0
11/10/2015;975;50.0;69.1;2.8;10.0;1010.4;0.0;0.0
12/10/2015;1125;53.1;77.0;3.7;10.0;1005.5;0.0;0.0
13/10/2015;1122;55.9;77.0;2.5;9.9;997.7;0.01;0.0
14/10/2015;1248;57.0;72.0;3.2;10.0;1001.2;0.0;0.0
15/10/2015;1604;51.1;69.1;3.5;10.0;1009.1;0.0;0.0
16/10/2015;1806;51.1;64.0;4.9;10.0;1009.6;0.0;0.0
17/10/2015;1646;48.0;64.0;5.0;10.0;1013.4;0.0;0.0
18/10/2015;1219;37.9;55.9;5.0;10.0;1019.4;0.0;0.0
19/10/2015;1070;35.1;53.1;2.2;10.0;1024.7;0.0;0.0
20/10/2015;1023;35.1;70.0;5.7;10.0;1018.6;0.0;0.0
21/10/2015;1233;48.0;75.9;2.8;9.9;1019.6;0.0;0.0
22/10/2015;1298;57.0;75.9;4.1;9.7;1016.8;0.0;0.0
23/10/2015;1281;51.1;75.0;5.0;9.8;1016.7;0.0;0.0
24/10/2015;1291;39.9;64.9;4.1;10.0;1022.7;0.0;0.0
25/10/2015;1481;55.0;68.0;4.0;9.7;1014.8;0.02;0.0
26/10/2015;1246;46.0;57.9;3.9;10.0;1023.3;0.03;0.0
27/10/2015;1020;45.0;59.0;3.5;10.0;1028.3;0.0;0.0
28/10/2015;1445;45.0;66.9;6.3;7.2;1018.4;0.0;0.0
29/10/2015;1458;53.1;73.0;5.7;8.2;998.3;1.44;0.0
30/10/2015;1445;50.0;73.0;5.4;10.0;1006.3;0.04;0.0
31/10/2015;1714;42.1;61.0;3.0;10.0;1016.2;0.0;0.0
01/11/2015;1926;42.1;64.9;3.9;10.0;1009.6;0.0;0.0
02/11/2015;1177;54.0;64.9;2.6;10.0;1012.3;0.0;0.0
03/11/2015;1062;48.0;72.0;1.6;10.0;1016.2;0.0;0.0
04/11/2015;1014;48.0;72.0;2.3;10.0;1021.5;0.0;0.0
05/11/2015;1084;55.9;71.1;1.9;4.7;1020.1;0.0;0.0
06/11/2015;1228;55.9;73.0;3.7;7.7;1011.8;0.01;0.0
07/11/2015;1191;57.0;73.9;3.6;9.9;1010.1;0.0;0.0
08/11/2015;787;46.0;55.9;4.0;10.0;1020.3;0.0;0.0
09/11/2015;1186;43.0;59.0;1.7;10.0;1025.0;0.0;0.0
10/11/2015;1291;43.0;59.0;6.7;8.0;1015.5;0.0;0.0
11/11/2015;1326;48.9;57.9;6.0;6.7;1004.7;0.69;0.0
12/11/2015;1401;48.9;61.0;3.6;9.3;1005.6;0.43;0.0
13/11/2015;1434;50.0;61.0;9.4;10.0;998.5;0.01;0.0
14/11/2015;1375;43.0;57.9;8.0;10.0;1009.8;0.0;0.0
15/11/2015;1445;39.0;57.9;4.1;10.0;1019.0;0.0;0.0
16/11/2015;1265;51.1;66.9;2.9;10.0;1017.3;0.0;0.0
17/11/2015;1195;39.9;66.9;6.4;10.0;1026.3;0.0;0.0
18/11/2015;1294;39.9;57.9;3.6;10.0;1027.7;0.0;0.0
19/11/2015;1231;46.0;63.0;5.4;8.7;1018.3;0.0;0.0
20/11/2015;1245;51.1;64.0;5.5;8.3;1012.2;1.25;0.0
21/11/2015;905;42.1;64.0;4.9;10.0;1018.2;0.0;0.0
22/11/2015;716;48.0;55.0;5.1;9.9;1008.4;0.03;0.0
23/11/2015;1014;34.0;55.0;5.6;10.0;1010.5;0.0;0.0
24/11/2015;1112;32.0;46.0;3.8;10.0;1021.1;0.0;0.0
25/11/2015;926;32.0;50.0;2.3;10.0;1033.1;0.0;0.0
26/11/2015;543;36.0;60.1;2.5;9.7;1037.0;0.0;0.0
27/11/2015;626;41.0;64.0;2.9;9.4;1028.1;0.0;0.0
28/11/2015;994;46.4;62.6;3.4;10.0;1027.2;0.0;0.0
29/11/2015;537;37.4;46.4;4.5;9.2;1025.3;0.02;0.0
30/11/2015;919;33.8;44.6;6.0;6.2;1023.4;0.0;0.0
01/12/2015;1047;42.1;64.0;5.9;5.4;1018.5;0.0;0.0
02/12/2015;1083;44.1;55.9;2.9;7.8;1007.2;0.21;0.0
03/12/2015;1385;46.0;57.0;6.2;8.9;1003.8;0.1;0.0
04/12/2015;1329;42.1;55.0;4.5;10.0;1022.4;0.0;0.0
05/12/2015;941;39.9;51.1;2.0;10.0;1031.9;0.0;0.0
06/12/2015;1055;39.0;53.1;2.7;10.0;1027.8;0.0;0.0
07/12/2015;1007;39.0;54.0;2.9;6.7;1016.4;0.0;0.0
08/12/2015;1045;41.0;54.0;4.6;8.2;1014.1;0.0;0.0
09/12/2015;1273;39.9;53.1;2.7;9.5;1014.8;0.0;0.0
10/12/2015;1217;39.9;60.1;4.5;7.6;1009.9;0.0;0.0
11/12/2015;1338;50.0;61.0;3.1;8.0;1008.4;0.0;0.0
12/12/2015;1071;50.0;66.0;2.7;7.1;1013.7;0.0;0.0
13/12/2015;1079;55.0;66.9;2.0;6.5;1015.4;0.0;0.0
14/12/2015;1062;53.1;66.9;4.6;6.3;1008.8;0.0;0.0
15/12/2015;1269;53.1;68.0;8.6;9.0;994.8;0.42;0.0
16/12/2015;1331;46.0;68.0;5.9;10.0;1011.7;0.09;0.0
17/12/2015;1181;46.0;59.0;3.4;6.8;1009.2;0.04;0.0
18/12/2015;1385;43.0;59.0;5.5;8.7;1000.8;1.21;0.0
19/12/2015;927;35.1;57.0;7.4;10.0;1010.4;0.0;0.0
20/12/2015;613;34.0;43.0;5.8;10.0;1024.4;0.0;0.0
21/12/2015;938;39.0;54.0;6.1;10.0;1021.2;0.0;0.0
22/12/2015;919;55.0;62.6;4.9;8.9;1011.5;0.0;0.0
23/12/2015;872;52.0;62.1;3.0;4.3;1014.5;0.19;0.0
24/12/2015;642;52.0;71.1;5.1;7.4;1008.2;1.56;0.0
25/12/2015;358;57.0;72.0;0.7;9.2;1015.7;0.01;0.0
26/12/2015;428;50.0;61.0;5.9;9.9;1023.5;0.01;0.0
27/12/2015;409;46.0;61.0;4.5;6.0;1012.6;0.12;0.0
28/12/2015;674;37.9;61.0;7.1;9.9;1019.8;0.02;0.0
29/12/2015;848;33.8;46.0;6.8;5.8;1016.6;0.33;0.0
30/12/2015;1325;34.0;46.0;3.0;5.4;1018.6;0.15;0.0
31/12/2015;912;45.0;48.0;3.0;5.4;1013.7;0.19;0.0
01/01/2016;1505;37.0;48.0;6.5;10.0;1012.2;0.03;0.0
02/01/2016;617;32.0;42.1;6.0;10.0;1012.0;0.0;0.0
03/01/2016;510;32.0;45.0;6.4;10.0;1006.7;0.0;0.0
04/01/2016;914;19.9;39.0;7.0;10.0;1010.2;0.0;0.0
05/01/2016;967;10.9;36.0;6.2;10.0;1027.5;0.0;0.0
06/01/2016;979;10.9;41.0;2.4;10.0;1029.0;0.0;0.0
07/01/2016;1046;25.0;46.0;2.9;10.0;1021.9;0.0;0.0
08/01/2016;1097;35.6;44.6;4.3;10.0;1017.4;0.0;0.0
09/01/2016;940;39.9;46.4;7.4;9.3;1016.6;0.0;0.0
10/01/2016;992;39.9;59.0;8.2;5.3;1001.5;0.77;0.0
11/01/2016;1636;28.9;59.0;9.4;10.0;1003.9;1.03;0.0
12/01/2016;1553;25.0;44.1;4.6;10.0;1007.3;0.0;0.0
13/01/2016;1047;21.9;44.1;9.4;10.0;1008.0;0.0;0.0
14/01/2016;1051;21.9;37.0;5.1;10.0;1009.2;0.0;0.0
15/01/2016;1083;21.9;51.1;3.8;9.5;1007.1;0.0;0.0
16/01/2016;817;34.0;52.0;5.5;8.6;994.6;0.21;0.0
17/01/2016;637;30.0;52.0;5.8;8.6;1003.9;0.03;0.0
18/01/2016;1157;21.9;42.1;7.5;8.9;1002.9;0.05;0.0
19/01/2016;1497;16.0;30.9;10.4;10.0;1010.6;0.0;0.0
20/01/2016;1303;16.0;37.0;5.6;10.0;1015.5;0.0;0.0
21/01/2016;1017;26.1;37.0;5.0;10.0;1014.7;0.0;0.0
22/01/2016;1161;21.0;36.0;5.3;10.0;1018.7;0.0;0.0
23/01/2016;253;21.0;30.0;12.8;1.7;1005.3;0.5;0.0
24/01/2016;407;19.9;35.1;6.3;7.4;1006.2;1.82;5.9
25/01/2016;1191;19.9;39.0;2.9;9.6;1017.8;0.0;22.0
26/01/2016;1516;28.0;48.0;5.1;9.8;1014.0;0.0;18.9
27/01/2016;1232;37.9;48.0;6.2;9.9;1010.8;0.0;16.9
28/01/2016;1140;32.0;46.9;4.1;10.0;1010.5;0.0;9.1
29/01/2016;1050;32.0;42.1;5.5;9.5;996.2;0.0;5.9
30/01/2016;1190;28.0;41.0;6.0;10.0;1009.6;0.0;5.9
31/01/2016;901;28.0;55.9;5.6;10.0;1008.7;0.0;5.9
01/02/2016;975;36.0;59.0;5.0;9.8;1004.3;0.0;3.9
02/02/2016;1035;37.9;59.0;3.4;10.0;1018.1;0.01;2.0
03/02/2016;1037;37.9;57.0;4.7;7.7;1016.0;0.0;0.0
04/02/2016;1087;42.1;59.0;5.0;9.1;1008.7;0.73;0.0
05/02/2016;1183;30.2;48.9;7.4;6.1;1014.1;0.38;0.0
06/02/2016;1155;30.0;44.1;5.0;10.0;1022.5;0.15;1.2
07/02/2016;829;30.0;46.9;4.0;10.0;1016.5;0.0;0.0
08/02/2016;977;30.9;46.9;9.5;8.8;1004.3;0.0;0.0
09/02/2016;993;27.0;39.0;4.7;9.4;999.6;0.05;0.0
10/02/2016;1272;27.0;39.0;3.8;7.5;997.9;0.01;0.0
11/02/2016;1341;21.9;39.0;8.0;9.5;1005.8;0.0;0.0
12/02/2016;1277;15.1;30.9;6.6;10.0;1016.2;0.0;0.0
13/02/2016;1751;9.0;27.0;9.4;10.0;1010.8;0.0;0.0
14/02/2016;1090;-0.9;21.9;7.6;10.0;1025.1;0.0;0.0
15/02/2016;1541;14.0;30.2;3.7;8.1;1026.8;0.0;0.0
16/02/2016;1278;30.9;53.6;6.5;4.1;1006.2;0.46;0.0
17/02/2016;978;35.1;54.0;6.7;10.0;1006.8;0.99;0.0
18/02/2016;1322;27.0;37.0;5.9;10.0;1021.9;0.0;0.0
19/02/2016;1076;24.1;37.0;5.2;10.0;1027.8;0.0;0.0
20/02/2016;1406;36.0;61.0;6.0;10.0;1011.0;0.0;0.0
21/02/2016;924;39.0;61.0;4.3;10.0;1006.8;0.0;0.0
22/02/2016;1305;37.9;55.0;4.5;10.0;1012.9;0.03;0.0
23/02/2016;1422;35.1;52.0;10.9;8.4;1019.9;0.0;0.0
24/02/2016;1339;35.1;55.9;11.0;2.9;1009.8;0.43;0.0
25/02/2016;1162;36.0;61.0;6.9;8.5;988.0;1.11;0.0
26/02/2016;1076;30.9;39.9;8.3;10.0;1001.4;0.02;0.0
27/02/2016;822;26.1;41.0;5.2;10.0;1013.3;0.0;0.0
28/02/2016;689;26.1;60.1;6.4;10.0;1008.5;0.0;0.0
29/02/2016;1147;37.9;61.0;7.1;9.7;1000.2;0.0;0.0
01/03/2016;1220;39.0;61.0;6.5;10.0;1012.0;0.05;0.0
02/03/2016;2396;35.1;55.0;8.9;9.1;1000.1;0.14;0.0
03/03/2016;1997;26.1;36.0;5.8;10.0;1016.7;0.0;0.0
04/03/2016;1917;26.1;39.0;6.2;6.5;1014.8;0.07;0.0
05/03/2016;2618;28.0;41.0;5.1;10.0;1015.6;0.04;0.0
06/03/2016;1887;28.0;44.1;2.7;10.0;1019.0;0.0;0.0
07/03/2016;1080;32.0;60.1;6.1;9.0;1017.3;0.0;0.0
08/03/2016;1007;36.0;66.9;3.3;9.2;1014.4;0.0;0.0
09/03/2016;1009;44.1;77.0;1.8;6.6;1014.2;0.0;0.0
10/03/2016;1073;64.0;78.1;4.4;9.9;1010.0;0.0;0.0
11/03/2016;1128;55.0;79.0;5.3;9.7;1012.1;0.06;0.0
12/03/2016;1316;39.9;68.0;4.4;10.0;1019.9;0.0;0.0
13/03/2016;1040;39.9;62.1;3.7;10.0;1011.9;0.0;0.0
14/03/2016;1098;39.9;62.1;9.6;7.7;1013.7;0.02;0.0
15/03/2016;1132;39.9;57.0;7.7;8.3;1005.0;0.27;0.0
16/03/2016;1345;44.1;64.9;2.6;9.6;1004.8;0.0;0.0
17/03/2016;2087;45.0;64.9;4.4;9.8;1005.3;0.02;0.0
18/03/2016;1708;45.0;63.0;7.1;10.0;1004.3;0.0;0.0
19/03/2016;1660;36.0;57.0;4.1;10.0;1012.7;0.0;0.0
20/03/2016;1250;32.0;46.0;8.8;10.0;1014.4;0.0;0.0
21/03/2016;1088;32.0;50.0;6.4;6.7;1006.2;0.13;0.0
22/03/2016;1014;35.1;55.0;6.6;10.0;1013.7;0.06;0.0
23/03/2016;1082;48.0;71.1;5.9;10.0;1009.5;0.0;0.0
24/03/2016;995;44.1;71.1;8.0;9.8;1012.4;0.0;0.0
25/03/2016;1395;44.1;72.0;3.2;7.2;1003.0;0.0;0.0
26/03/2016;932;37.9;72.0;5.8;10.0;1018.1;0.04;0.0
27/03/2016;766;37.9;55.0;4.2;10.0;1023.0;0.0;0.0
28/03/2016;928;42.1;62.1;6.7;6.7;1004.7;0.14;0.0
29/03/2016;985;42.1;62.1;11.5;10.0;1005.9;0.24;0.0
30/03/2016;1025;37.0;55.9;4.9;10.0;1020.3;0.0;0.0
31/03/2016;962;46.9;72.0;6.1;10.0;1011.3;0.0;0.0
01/04/2016;1390;48.9;79.0;4.8;9.7;998.9;0.01;0.0
02/04/2016;971;48.9;69.1;3.3;9.4;995.7;0.01;0.0
03/04/2016;724;34.0;51.1;10.4;10.0;997.2;0.25;0.0
04/04/2016;1152;34.0;50.0;4.8;7.3;1007.9;0.01;0.0
05/04/2016;1152;26.1;42.1;7.9;10.0;1017.6;0.46;0.0
06/04/2016;1049;26.1;48.0;4.9;10.0;1021.1;0.0;0.0
07/04/2016;1042;30.0;57.9;5.8;9.3;1000.5;0.0;0.0
08/04/2016;1476;42.1;57.9;6.7;10.0;996.3;0.09;0.0
09/04/2016;1251;36.0;50.0;4.9;9.1;1002.8;0.01;0.0
10/04/2016;1080;30.9;50.0;4.4;10.0;1017.4;0.11;0.0
11/04/2016;987;30.9;64.9;5.6;9.3;1017.2;0.0;0.0
12/04/2016;1078;43.0;64.9;5.3;9.1;1011.3;0.04;0.0
13/04/2016;1096;39.9;59.0;4.1;10.0;1022.6;0.17;0.0
14/04/2016;1536;43.0;62.1;4.9;10.0;1021.9;0.0;0.0
15/04/2016;1594;42.1;64.9;3.5;10.0;1024.5;0.0;0.0
16/04/2016;1547;42.1;68.0;4.5;10.0;1025.0;0.0;0.0
17/04/2016;1186;43.0;75.0;2.3;10.0;1024.4;0.0;0.0
18/04/2016;1073;44.1;82.0;2.8;10.0;1017.8;0.0;0.0
19/04/2016;944;51.1;82.0;6.4;10.0;1011.2;0.0;0.0
20/04/2016;1338;48.9;73.0;5.8;10.0;1017.8;0.0;0.0
21/04/2016;1376;48.9;73.0;4.8;10.0;1015.3;0.0;0.0
22/04/2016;996;48.9;79.0;3.6;9.7;1007.8;0.0;0.0
23/04/2016;918;60.1;79.0;5.6;8.2;1004.7;0.15;0.0
24/04/2016;697;46.9;71.1;6.2;10.0;1011.5;0.01;0.0
25/04/2016;921;46.9;69.1;3.6;10.0;1010.7;0.0;0.0
26/04/2016;1036;48.9;69.1;5.2;6.8;1002.8;0.17;0.0
27/04/2016;996;46.0;62.1;4.3;9.8;1007.3;0.07;0.0
28/04/2016;1010;46.0;62.1;4.8;9.9;1010.8;0.0;0.0
29/04/2016;1031;46.9;59.0;4.3;10.0;1013.6;0.0;0.0
30/04/2016;886;45.0;64.9;4.9;9.9;1017.2;0.05;0.0
01/05/2016;632;46.0;64.9;4.0;7.9;1017.2;0.0;0.0
02/05/2016;1068;44.6;59.0;2.2;5.0;1010.7;0.16;0.0
03/05/2016;1414;45.0;60.1;5.1;5.2;1006.5;0.59;0.0
04/05/2016;1222;48.0;55.9;6.3;7.7;1003.8;0.07;0.0
05/05/2016;1499;46.0;57.0;7.5;9.5;1000.6;0.01;0.0
06/05/2016;1297;46.0;57.0;7.8;7.8;1001.0;0.24;0.0
07/05/2016;1224;48.0;60.1;4.8;7.5;1003.7;0.3;0.0
08/05/2016;866;48.9;66.0;3.7;8.1;1000.8;0.11;0.0
09/05/2016;1199;48.9;72.0;3.5;10.0;1009.5;0.05;0.0
10/05/2016;1064;50.0;72.0;4.5;10.0;1017.2;0.0;0.0
11/05/2016;1378;50.0;75.9;2.8;10.0;1016.3;0.0;0.0
12/05/2016;1520;50.0;80.1;2.5;10.0;1014.6;0.0;0.0
13/05/2016;1263;57.9;64.9;3.3;10.0;1012.1;0.0;0.0
14/05/2016;1061;56.3;71.6;2.4;9.8;1013.0;0.25;0.0
15/05/2016;880;50.0;60.8;2.7;10.0;1014.3;0.0;0.0
16/05/2016;1073;42.8;66.2;1.8;10.0;1012.7;0.0;0.0
17/05/2016;1106;55.4;64.4;3.5;9.9;1015.5;0.0;0.0
18/05/2016;1090;51.8;68.0;2.2;10.0;1016.3;0.0;0.0
19/05/2016;1397;54.0;73.0;1.2;10.0;1014.0;0.0;0.0
20/05/2016;1046;53.1;75.9;3.1;10.0;1017.5;0.0;0.0
21/05/2016;1009;53.1;75.9;3.1;9.8;1014.9;0.0;0.0
22/05/2016;1055;52.0;70.0;3.7;9.7;1005.6;0.13;0.0
23/05/2016;967;52.0;78.1;1.9;9.2;1007.4;0.09;0.0
24/05/2016;1195;55.9;78.1;2.3;7.9;1007.9;0.17;0.0
25/05/2016;1300;57.9;88.0;3.0;9.0;1011.9;0.03;0.0
26/05/2016;1099;61.0;90.0;3.3;8.3;1013.3;0.0;0.0
27/05/2016;969;69.1;90.0;3.1;7.5;1012.5;0.0;0.0
28/05/2016;743;71.1;90.0;4.4;7.7;1013.9;0.0;0.0
29/05/2016;653;71.1;91.9;4.2;9.0;1014.8;0.0;0.0
30/05/2016;453;68.0;87.1;2.6;7.2;1010.7;1.65;0.0
31/05/2016;966;68.0;84.9;3.6;8.6;1009.1;0.0;0.0
01/06/2016;1051;69.1;84.9;4.6;8.3;1012.7;0.0;0.0
02/06/2016;1038;62.1;82.9;4.4;7.8;1015.4;0.0;0.0
03/06/2016;1033;62.1;78.1;1.5;5.9;1013.4;0.01;0.0
04/06/2016;951;63.0;82.9;2.1;6.4;1010.7;0.03;0.0
05/06/2016;808;64.4;70.0;3.5;5.4;1005.2;0.4;0.0
06/06/2016;874;64.9;82.9;4.5;7.5;999.6;0.91;0.0
07/06/2016;1024;64.9;84.9;4.4;8.7;995.9;0.0;0.0
08/06/2016;1086;52.0;84.9;6.2;8.7;998.2;0.0;0.0
09/06/2016;1022;52.0;71.1;8.0;9.7;1004.6;0.45;0.0
10/06/2016;972;54.0;77.0;5.7;10.0;1009.7;0.0;0.0
11/06/2016;963;57.0;88.0;2.5;9.6;1008.4;0.0;0.0
12/06/2016;807;59.0;88.0;5.6;9.7;999.8;0.0;0.0
13/06/2016;918;57.0;82.9;7.1;10.0;1004.9;0.0;0.0
14/06/2016;996;57.0;79.0;4.1;10.0;1007.4;0.0;0.0
15/06/2016;1165;57.9;84.9;2.2;10.0;1008.8;0.0;0.0
16/06/2016;1216;62.1;84.9;1.5;7.2;1004.1;0.2;0.0
17/06/2016;1023;64.0;75.9;3.5;9.1;1007.1;0.02;0.0
18/06/2016;803;61.0;87.1;2.8;9.8;1017.0;0.0;0.0
19/06/2016;629;61.0;88.0;2.0;9.4;1020.4;0.0;0.0
20/06/2016;968;64.0;88.0;2.9;8.9;1016.1;0.0;0.0
21/06/2016;1207;64.0;87.1;4.3;9.4;1004.8;0.0;0.0
22/06/2016;964;68.0;87.1;4.1;9.8;1004.7;0.0;0.0
23/06/2016;1071;68.0;86.0;1.5;9.0;1006.6;0.0;0.0
24/06/2016;1068;69.1;84.0;4.8;8.8;1010.4;0.0;0.0
25/06/2016;880;64.0;86.0;3.7;9.2;1016.3;0.0;0.0
26/06/2016;692;64.0;86.0;1.4;9.0;1017.7;0.0;0.0
